0,ATARAX,73,67,"fda, swissmedic, rxnorm",70.0
258,PACITAXEL,71,80,fda,75.5
593,PAPTASE,67,75,rxnorm,71.0
640,PACLITAXEL,67,73,"rxnorm, fda",70.0
536,PRAX,67,75,rxnorm,71.0
454,POSATEX,67,89,rxnorm,78.0
440,PENTRAX,67,80,rxnorm,73.5
375,PRADAXA,67,89,"rxnorm, fda",78.0
369,OPTIMAX,67,80,rxnorm,73.5
204,PATANASE,62,75,"fda, rxnorm",68.5
409,PEDIATEX,62,89,rxnorm,75.5
139,PAXIL,60,75,"fda, rxnorm",67.5
458,TAXOL,60,75,"rxnorm, fda",67.5
355,PANEX,60,75,rxnorm,67.5
512,LATEX,60,75,rxnorm,67.5
466,TDVAX,60,75,rxnorm,67.5
689,PRONTOLAX,57,73,swissmedic,65.0
497,PROTEX,55,89,rxnorm,72.0
486,PRITOX,55,89,rxnorm,72.0
221,PAROEX,55,75,"fda, rxnorm",65.0
223,APADAZ,55,75,"fda, rxnorm",65.0
323,CEPTAZ,55,75,"rxnorm, fda",65.0
376,OPTASE,55,75,rxnorm,65.0
363,PACAPS,55,75,rxnorm,65.0
354,PANDEX,55,89,rxnorm,72.0
329,GATTEX,55,75,rxnorm,65.0
550,POTASH,55,86,rxnorm,70.5
717,OPTREX,55,80,swissmedic,67.5
714,TALOXA,55,75,swissmedic,65.0
370,OPTIMAX WV,53,80,rxnorm,66.5
413,PEDIATEX TD,50,89,rxnorm,69.5
781,PRAVASTAX 10 MG,50,73,swissmedic,61.5
520,BETADEX,50,89,rxnorm,69.5
410,PEDIATEX 12,50,89,rxnorm,69.5
140,PENTASA,50,75,"fda, swissmedic, rxnorm",62.5
411,PEDIATEX CT,50,89,rxnorm,69.5
275,BETAXON,50,89,"rxnorm, fda",69.5
412,PEDIATEX HC,50,89,rxnorm,69.5
563,GUAITEX,50,75,rxnorm,62.5
782,PRAVASTAX 20 MG,50,73,swissmedic,61.5
589,CABAZITAXEL,50,73,"rxnorm, fda",61.5
783,PRAVASTAX 40 MG,50,73,swissmedic,61.5
488,PSEUDATEX HC,47,80,rxnorm,63.5
447,PEPTIMAX 200,47,80,rxnorm,63.5
441,PENTRAX GOLD,47,80,rxnorm,63.5
448,PEPTIMAX 400,47,80,rxnorm,63.5
449,PEPTIMAX 800,47,80,rxnorm,63.5
364,PONDERAX,46,80,rxnorm,63.0
437,PENETREX,46,80,"rxnorm, fda",63.0
202,PATHOCIL,46,75,fda,60.5
443,PATTOTIC,46,75,rxnorm,60.5
824,PENTHROX,46,80,swissmedic,63.0
439,PENTOXIL,46,80,"rxnorm, fda",63.0
161,PROTONIX,46,80,"fda, rxnorm",63.0
159,PAXIL CR,46,75,fda,60.5
371,PANOKASE,46,75,rxnorm,60.5
274,BETATREX,46,80,"rxnorm, fda",63.0
295,BIOTHRAX,46,89,rxnorm,67.5
348,PLACIDEX,46,80,rxnorm,63.0
362,PEDIARIX,46,89,rxnorm,67.5
716,PECTOREX,46,80,swissmedic,63.0
549,CARBADOX,46,80,rxnorm,63.0
539,RABDOLAX,46,80,rxnorm,63.0
481,KOPERTOX,46,80,rxnorm,63.0
499,PROTEX D,46,89,rxnorm,67.5
770,PRADAXA 75 MG,44,89,swissmedic,66.5
446,OTEX,44,75,rxnorm,59.5
374,POXI,44,86,rxnorm,65.0
319,CABOMETYX,43,80,"rxnorm, fda",61.5
420,PEDVAXHIB,43,80,rxnorm,61.5
289,BIAVAX II,43,75,rxnorm,59.0
356,PANEX 500,43,75,rxnorm,59.0
564,STYPTSTIX,43,73,rxnorm,58.0
769,CLOPIDRAX,43,73,swissmedic,58.0
629,POTASSIUM,43,75,rxnorm,59.0
575,BETAXOLOL,43,80,rxnorm,61.5
772,PRADAXA 150 MG,42,89,swissmedic,65.5
573,PARETHOXYCAINE,42,73,rxnorm,57.5
771,PRADAXA 110 MG,42,89,swissmedic,65.5
297,BITEX,40,100,rxnorm,70.0
217,GATTEX KIT,40,75,fda,57.5
138,CAPEX,40,75,"fda, rxnorm",57.5
368,OPTIFLEX-G,40,73,rxnorm,56.5
367,OPTIFLEX-C,40,73,rxnorm,56.5
298,BOTOX,40,100,"rxnorm, fda",70.0
518,POLISTIREX,40,73,rxnorm,56.5
171,PEMETREXED,40,73,"fda, rxnorm",56.5
320,CEDAX,40,75,"rxnorm, fda",57.5
715,PENTASA 2G,40,75,swissmedic,57.5
69,TENEX,40,75,"fda, rxnorm",57.5
618,PICROTOXIN,40,73,rxnorm,56.5
694,NITUX,40,75,swissmedic,57.5
697,PENTASA 1G,40,75,swissmedic,57.5
264,ADOXA,40,75,rxnorm,57.5
244,TYLOX,40,75,"fda, rxnorm",57.5
594,POTASSIUM OXIDE,40,75,rxnorm,57.5
325,CYPEX,40,75,rxnorm,57.5
654,PIMETHIXENE,38,80,rxnorm,59.0
666,PRALIDOXIME,38,73,rxnorm,55.5
165,BETAPACE AF,38,75,fda,56.5
12,DICOPAC KIT,38,75,fda,56.5
162,PROTONIX IV,38,80,fda,59.0
568,PYRITHIOXIN,38,80,rxnorm,59.0
290,BIAXIN,36,75,"rxnorm, fda",55.5
141,PINDAC,36,75,fda,55.5
152,PYTEST,36,75,fda,55.5
627,IPECAC,36,75,rxnorm,55.5
349,DIAMOX,36,75,"rxnorm, swissmedic, fda",55.5
350,DAXBIA,36,75,rxnorm,55.5
456,POTIGA,36,86,"rxnorm, fda",61.0
460,THYROX,36,75,rxnorm,55.5
482,METHEX,36,75,rxnorm,55.5
198,PEXEVA,36,75,"fda, rxnorm",55.5
484,THYLOX,36,75,rxnorm,55.5
270,BENTEX,36,89,rxnorm,62.5
416,PEDIOX,36,100,rxnorm,68.0
379,PALGIC,36,75,rxnorm,55.5
721,PECTUS,36,75,swissmedic,55.5
429,PEROX-A-MINT,35,75,rxnorm,55.0
209,ERBITUX,33,80,"fda, rxnorm",56.5
219,PEGASYS,33,75,"fda, rxnorm",54.0
592,PISTACHIO OIL,33,75,rxnorm,54.0
585,ZOTEX-D,33,75,rxnorm,54.0
583,ZOTEX C,33,75,rxnorm,54.0
688,BIGASAN,33,75,swissmedic,54.0
273,BETASAL,33,75,rxnorm,54.0
630,POTASSIUM ASPARTATE,33,75,rxnorm,54.0
444,LIPODOX,33,89,rxnorm,61.0
713,TALOXA 600 MG,33,75,swissmedic,54.0
436,NEOPTIC,33,75,rxnorm,54.0
492,ROBADEX,33,89,rxnorm,61.0
660,POTASSIUM HYDROXIDE,33,75,rxnorm,54.0
407,PERIDEX,33,89,"rxnorm, fda",61.0
387,DECAVAC,33,75,rxnorm,54.0
501,PRODROX,33,80,rxnorm,56.5
503,SUBUTEX,33,89,"rxnorm, fda",61.0
504,THIONEX,33,75,rxnorm,54.0
505,TEOPTIC,33,75,rxnorm,54.0
507,PROTUSS,33,75,rxnorm,54.0
737,BACTIFLOX 250,33,73,swissmedic,53.0
738,BACTIFLOX 500,33,73,swissmedic,53.0
739,BACTIFLOX 750,33,73,swissmedic,53.0
522,POTASSIUM ION,33,75,rxnorm,54.0
347,PITOCIN,33,75,"rxnorm, fda",54.0
457,POVIDEX,33,89,rxnorm,61.0
302,BRONTEX,33,80,rxnorm,56.5
766,PALEXIA 75 MG,33,75,swissmedic,54.0
285,BETALOC,33,75,rxnorm,54.0
282,BETAGAN,33,75,"rxnorm, fda",54.0
765,PALEXIA 50 MG,33,75,swissmedic,54.0
767,PALEXIA 100 MG,32,75,swissmedic,53.5
779,PALEXIA RETARD 25 MG,32,75,swissmedic,53.5
820,CABOMETYX 60MG,32,80,swissmedic,56.0
819,CABOMETYX 40MG,32,80,swissmedic,56.0
511,BAPTISIA TINCTORIA EXTRACT,32,75,rxnorm,53.5
818,CABOMETYX 20MG,32,80,swissmedic,56.0
498,PROTEX BALANCE,32,89,rxnorm,60.5
699,PENTASA KLYSMA,32,75,swissmedic,53.5
774,PALEXIA RETARD 50 MG,32,75,swissmedic,53.5
696,PENTASA 500 MG,32,75,swissmedic,53.5
795,PROLUTEX 25 MG,32,80,swissmedic,56.0
745,PACLITAXEL-TEVA 30 MG/5 ML,32,73,swissmedic,52.5
230,CABAZITAXEL INJECTION,31,73,fda,52.0
584,ZOTEX HC,31,75,rxnorm,53.0
700,TOBRADEX,31,80,"swissmedic, rxnorm, fda",55.5
232,TAGRISSO,31,75,"fda, rxnorm",53.0
453,PEDIACOF,31,75,rxnorm,53.0
144,BETAPACE,31,75,"fda, rxnorm",53.0
287,BOOSTRIX,31,80,"rxnorm, swissmedic",55.5
163,PRECEDEX,31,80,"fda, rxnorm",55.5
388,DECAZATE,31,75,rxnorm,53.0
677,TACHOSIL,31,75,"swissmedic, rxnorm",53.0
248,TAKHZYRO,31,75,"fda, rxnorm",53.0
428,PEROX-50,31,75,rxnorm,53.0
14,DOBUTREX,31,80,"fda, rxnorm",55.5
408,PEDIAGEL,31,75,rxnorm,53.0
266,ASPIDROX,31,73,rxnorm,52.0
419,PEDITUSS,31,75,rxnorm,53.0
417,PEDIOX-S,31,100,rxnorm,65.5
595,DOCUSATE,31,75,rxnorm,53.0
415,PEDIOTIC,31,75,"rxnorm, fda",53.0
311,BUTASONE,31,75,rxnorm,53.0
316,CTX4 GEL,31,75,rxnorm,53.0
623,PROTEASE,31,75,rxnorm,53.0
776,PALEXIA RETARD 150 MG,31,75,swissmedic,53.0
777,PALEXIA RETARD 200 MG,31,75,swissmedic,53.0
489,PRODENRX,31,73,rxnorm,52.0
197,CIPRODEX,31,80,"fda, rxnorm",55.5
312,BUTAZONE,31,75,rxnorm,53.0
310,BUTACOTE,31,75,rxnorm,53.0
775,PALEXIA RETARD 100 MG,31,75,swissmedic,53.0
65,PENNTUSS,31,75,fda,53.0
502,PRODROXY,31,80,rxnorm,55.5
778,PALEXIA RETARD 250 MG,31,75,swissmedic,53.0
487,PRUDOXIN,31,80,rxnorm,55.5
534,PYRIDOXINE DIPALMITATE,30,80,rxnorm,55.0
740,PACLITAXEL SANDOZ 30 MG/5 ML,30,73,swissmedic,51.5
788,PALEXIA 4 MG/ML,30,75,swissmedic,52.5
686,SPERSADEX COMP.,30,73,swissmedic,51.5
582,BIDENS BIPINNATA TOP EXTRACT,30,75,rxnorm,52.5
554,POTASSIUM OXYQUINOLONE,30,75,rxnorm,52.5
313,BUTESIN PICRATE,30,75,rxnorm,52.5
747,PACLITAXEL-TEVA 300 MG/50 ML,30,73,swissmedic,51.5
831,PACLITAXEL ACCORD 30 MG/5 ML,30,73,swissmedic,51.5
743,PACLITAXEL SANDOZ 300 MG/50 ML,29,73,swissmedic,51.0
561,BRITLOFEX,29,73,rxnorm,51.0
327,EPIDIOLEX,29,80,"rxnorm, fda",54.5
567,PYRIDOXAL,29,80,rxnorm,54.5
414,PEDIAZOLE,29,75,"rxnorm, fda",52.0
13,PROFERDEX,29,73,fda,51.0
789,PALEXIA 20 MG/ML,29,75,swissmedic,52.0
405,DIABETUSS,29,75,rxnorm,52.0
742,PACLITAXEL SANDOZ 150 MG/25 ML,29,73,swissmedic,51.0
142,PODOFILOX,29,80,"fda, rxnorm",54.5
760,PACLITAXEL LABATEC 30 MG/5 ML,29,73,swissmedic,51.0
661,POTASSIUM IODATE,29,75,rxnorm,52.0
746,PACLITAXEL-TEVA 100 MG/16.7 ML,29,73,swissmedic,51.0
652,BUTACAINE,29,75,rxnorm,52.0
426,PEROX-105,29,75,rxnorm,52.0
707,TAXOL 30 MG/5 ML,29,75,swissmedic,52.0
180,BIAXIN XL,29,75,fda,52.0
508,PROTUSS D,29,75,rxnorm,52.0
494,TRIHEXY-2,29,75,rxnorm,52.0
633,POTASSIUM IODIDE,29,75,"rxnorm, fda",52.0
834,PACLITAXEL ACCORD 300 MG/50 ML,29,73,swissmedic,51.0
833,PACLITAXEL ACCORD 150 MG/25 ML,29,73,swissmedic,51.0
212,TYLOX-325,29,75,fda,52.0
517,BIDENS BIPINNATA WHOLE EXTRACT,29,75,rxnorm,52.0
459,TOXI-SORB,29,86,rxnorm,57.5
224,DRAX EXAMETAZIME,29,75,fda,52.0
455,POTELIGEO,29,75,"rxnorm, fda",52.0
570,DIPTERYX ODORATA SEED EXTRACT,29,80,rxnorm,54.5
427,PEROX-400,29,75,rxnorm,52.0
718,SUBUTEX 0,29,89,swissmedic,59.0
425,PEROX-102,29,75,rxnorm,52.0
430,PEROX-AID,29,75,rxnorm,52.0
763,PACLITAXEL LABATEC 300 MG/50 ML,28,73,swissmedic,50.5
835,PACLITAXEL ACCORD 600 MG/100 ML,28,73,swissmedic,50.5
744,PACLITAXEL SANDOZ 600 MG/100 ML,28,73,swissmedic,50.5
560,BAPTISIA TINCTORIA ROOT EXTRACT,28,75,rxnorm,51.5
530,BAPTISIA AUSTRALIS ROOT EXTRACT,28,75,rxnorm,51.5
791,PACLITAXEL FRESENIUS 30 MG/5 ML,28,73,swissmedic,50.5
762,PACLITAXEL LABATEC 150 MG/25 ML,28,73,swissmedic,50.5
241,PEMETREXED SODIUM,27,73,fda,50.0
576,PYRIDOXINE,27,80,rxnorm,53.5
610,POTASSIUM OLIVATE,27,75,rxnorm,51.0
317,CTX4 RINSE,27,75,rxnorm,51.0
70,POTASSIUM CITRATE,27,75,"fda, rxnorm",51.0
318,CTX3 RINSE,27,75,rxnorm,51.0
153,PYTEST KIT,27,75,fda,51.0
634,POTASSIUM OROTATE,27,75,rxnorm,51.0
636,POTASSIUM SORBATE,27,75,rxnorm,51.0
637,POTASSIUM ACETATE,27,75,"rxnorm, fda",51.0
423,PLEDGACLIN,27,73,rxnorm,50.0
662,POTASSIUM NITRATE,27,75,rxnorm,51.0
741,PACLITAXEL SANDOZ 100 MG/16.7 ML,27,73,swissmedic,50.0
665,POTASSIUM SULFATE,27,75,rxnorm,51.0
435,NEOPOLYDEX,27,80,rxnorm,53.5
242,ABITREXATE,27,73,fda,50.0
286,BRINTELLIX,27,73,rxnorm,50.0
619,POTASSIUM NITRITE,27,75,rxnorm,51.0
656,POTASSIUM BROMATE,27,75,rxnorm,51.0
586,PADANG CASSIA OIL,27,75,rxnorm,51.0
657,POTASSIUM BROMIDE,27,75,rxnorm,51.0
625,BETRIXABAN,27,73,"rxnorm, fda",50.0
641,POTASSIUM LACTATE,27,75,rxnorm,51.0
581,POTASSIUM SULFIDE,27,75,rxnorm,51.0
832,PACLITAXEL ACCORD 100 MG/16.7 ML,27,73,swissmedic,50.0
553,POTASSIUM ESTRONE,27,75,rxnorm,51.0
709,TAXOL 300 MG/50 ML,26,75,swissmedic,50.5
761,PACLITAXEL LABATEC 100 MG/16.7 ML,26,73,swissmedic,49.5
528,PANAX GINSENG LEAF EXTRACT,26,75,rxnorm,50.5
531,BOTRYOGLOSSUM PLATYCARPUM EXTRACT,26,73,rxnorm,49.5
559,POTASSIUM SILICATE,26,75,rxnorm,50.5
401,DIABETIC TUSSIN EX,26,75,rxnorm,50.5
1,POTASSIUM CHLORIDE,26,75,"fda, rxnorm",50.5
639,POTASSIUM TARTRATE,26,75,rxnorm,50.5
622,PENTADECANOIC ACID,26,73,rxnorm,49.5
621,BIDENS PILOSA LEAF EXTRACT,26,75,rxnorm,50.5
645,POTASSIUM ARSENITE,26,75,rxnorm,50.5
642,POTASSIUM CHLORATE,26,75,rxnorm,50.5
793,PACLITAXEL FRESENIUS 300 MG/50 ML,26,73,swissmedic,49.5
587,PROTEUS INCONSTANS,26,75,rxnorm,50.5
533,TAXUS BACCATA FRUIT EXTRACT,25,75,rxnorm,50.0
578,BIDENS PILOSA WHOLE EXTRACT,25,75,rxnorm,50.0
277,BEUTHANASIA,25,75,rxnorm,50.0
450,MTX SUPPORT,25,75,rxnorm,50.0
418,PEDIPIROX-4,25,80,rxnorm,52.5
658,POTASSIUM CARBONATE,25,75,rxnorm,50.0
754,PACLITAXEL-TEVA LIQUID 30 MG / 5 ML,25,73,swissmedic,49.0
673,POTASSIUM ASCORBATE,25,75,rxnorm,50.0
542,CEFPODOXIME,25,73,rxnorm,49.0
543,PANAX GINSENG WHOLE EXTRACT,25,75,rxnorm,50.0
544,POTASSIUM TRIIODIDE,25,75,rxnorm,50.0
608,POTASSIUM GLUCONATE,25,75,rxnorm,50.0
527,TAXUS BACCATA WHOLE EXTRACT,25,75,rxnorm,50.0
682,DIAMOX I.V.,25,75,swissmedic,50.0
687,SPERSADEX MONO 0.1%,25,73,swissmedic,49.0
64,BECONASE AQ,25,75,fda,50.0
192,TOBRADEX ST,25,80,fda,52.5
195,PEMETREXED DISODIUM,25,73,fda,49.0
514,POTASSIUM TELLURITE,25,75,rxnorm,50.0
211,PEGLOTICASE,25,80,"fda, rxnorm",52.5
566,PANAX GINSENG FRUIT EXTRACT,25,75,rxnorm,50.0
314,BUTEX FORTE,25,100,rxnorm,62.5
664,POTASSIUM PHOSPHATE,25,75,rxnorm,50.0
792,PACLITAXEL FRESENIUS 100 MG/16.7 ML,25,73,swissmedic,49.0
515,POTASSIUM ALUMINATE,25,75,rxnorm,50.0
720,SUBUTEX 8 MG,24,89,swissmedic,56.5
632,POTASSIUM DICHROMATE,24,75,rxnorm,49.5
603,BAZEDOXIFENE,24,73,rxnorm,48.5
227,POTASSIUM PHOSPHATES,24,75,fda,49.5
490,PRODENRX GEL,24,73,rxnorm,48.5
726,PEGASYS-MET 180MCG/0,24,75,swissmedic,49.5
725,PEGASYS-MET 135MCG/0,24,75,swissmedic,49.5
719,SUBUTEX 2 MG,24,89,swissmedic,56.5
571,PANAX GINSENG FLOWER EXTRACT,24,75,rxnorm,49.5
607,COPTIS JAPONICA WHOLE EXTRACT,24,75,rxnorm,49.5
424,PEROX HV-105,24,75,rxnorm,49.5
708,TAXOL 100 MG/16.7 ML,24,75,swissmedic,49.5
535,POTASSIUM BITARTRATE,24,75,rxnorm,49.5
431,PEROXI-FRESH,24,75,rxnorm,49.5
6,PRALIDOXIME CHLORIDE,24,73,fda,48.5
764,DAXAS 500 UG,24,75,swissmedic,49.5
579,PANAX JAPONICUS ROOT EXTRACT,24,75,rxnorm,49.5
373,POVIDEX PERI,24,89,rxnorm,56.5
752,PECTOREX MUCOLYTICUM,24,80,swissmedic,52.0
756,PACLITAXEL-TEVA LIQUID 150 MG / 25 ML,24,73,swissmedic,48.5
757,PACLITAXEL-TEVA LIQUID 300 MG / 50 ML,24,73,swissmedic,48.5
557,COPTIS JAPONICA ROOT EXTRACT,24,75,rxnorm,49.5
300,BOUDREAUXS BUTT PASTE,23,89,rxnorm,56.0
755,PACLITAXEL-TEVA LIQUID 100 MG / 16.7 ML,23,73,swissmedic,48.0
519,BIDENS TRIPARTITA FLOWERING TOP EXTRACT,23,75,rxnorm,49.0
11,POTASSIUM PERCHLORATE,23,75,"fda, rxnorm",49.0
620,PANAX NOTOGINSENG ROOT EXTRACT,23,75,rxnorm,49.0
655,POTASSIUM BICARBONATE,23,75,rxnorm,49.0
168,PENTIDS '400',22,75,fda,48.5
647,PODOCARPUS ELATUS WHOLE EXTRACT,22,80,rxnorm,51.0
177,PENTIDS '250',22,75,fda,48.5
432,PEROXY SHIELD,22,75,rxnorm,48.5
613,PANAX NOTOGINSENG WHOLE EXTRACT,22,75,rxnorm,48.5
326,EDEX,22,75,"rxnorm, fda",48.5
692,PANAX GINSENG PINE BRAND EXTRAKT,22,75,swissmedic,48.5
674,PANAX PSEUDOGINSENG ROOT EXTRACT,22,75,rxnorm,48.5
702,PODOMEXEF 200,22,80,swissmedic,51.0
328,DEX4,22,86,rxnorm,54.0
659,POTASSIUM CHROMATE(VI),22,75,rxnorm,48.5
701,PODOMEXEF 100,22,80,swissmedic,51.0
167,PENTIDS '200',22,75,fda,48.5
635,POTASSIUM PERMANGANATE,22,75,rxnorm,48.5
339,DOXY,22,86,rxnorm,54.0
591,PANAX GINSENG ROOT WATER EXTRACT,22,75,rxnorm,48.5
178,PENTIDS '800',22,75,fda,48.5
684,PIXOR AKNESTIFT N HELL,22,75,swissmedic,48.5
510,PISTACHIO NUT ALLERGENIC EXTRACT,22,75,rxnorm,48.5
548,DECANOIC ACID,22,75,rxnorm,48.5
547,PODOCARPUS ELATUS FRUIT EXTRACT,22,80,rxnorm,51.0
240,PEMETREXED FOR INJECTION,21,73,fda,47.0
72,BETAXOLOL HYDROCHLORIDE,21,80,fda,50.5
683,PIXOR AKNESTIFT N DUNKEL,21,75,swissmedic,48.0
299,BOTOX COSMETIC,21,100,"rxnorm, fda",60.5
669,POTASSIUM AMINOBENZOATE,21,75,rxnorm,48.0
598,PSEUDOLARIX AMABILIS BARK EXTRACT,21,73,rxnorm,47.0
808,TAGRISSO 40 MG,21,75,swissmedic,48.0
532,PISTACIA LENTISCUS RESIN,21,75,rxnorm,48.0
646,PSEUDOLARIX AMABILIS WHOLE EXTRACT,21,73,rxnorm,47.0
523,PTEROCARPUS MARSUPIUM BARK EXTRACT,21,73,rxnorm,47.0
236,POTASSIUM CHLORIDE 40MEQ,21,75,fda,48.0
235,POTASSIUM CHLORIDE 20MEQ,21,75,fda,48.0
234,POTASSIUM CHLORIDE 10MEQ,21,75,fda,48.0
525,POTASSIUM METABISULFITE,21,75,rxnorm,48.0
193,DOXY-SLEEP-AID,21,86,fda,53.5
809,TAGRISSO 80 MG,21,75,swissmedic,48.0
612,BACKHOUSIA CITRIODORA LEAF EXTRACT,21,86,rxnorm,53.5
574,POTASSIUM GLUCOHEPTONATE,21,75,rxnorm,48.0
609,PANAX QUINQUEFOLIUS WHOLE EXTRACT,21,75,rxnorm,48.0
378,DIGISAN E FOAM,21,75,rxnorm,48.0
651,PTEROCARPUS SOYAUXII WOOD EXTRACT,21,73,rxnorm,47.0
806,PEMETREXED LABATEC 100MG,21,73,swissmedic,47.0
491,PRODENRX RINSE,21,73,rxnorm,47.0
807,PEMETREXED LABATEC 500MG,21,73,swissmedic,47.0
309,BUMEX,20,75,"rxnorm, fda",47.5
693,LUBEX,20,75,swissmedic,47.5
461,VIDEX,20,75,"rxnorm, fda",47.5
199,DODEX,20,75,fda,47.5
187,RUBEX,20,75,fda,47.5
4,POTASSIUM AMINOSALICYLATE,20,75,fda,47.5
330,DORYX,20,75,"rxnorm, fda",47.5
9,LIDEX,20,75,"fda, rxnorm",47.5
493,RYBIX,20,75,rxnorm,47.5
336,DOXIL,20,75,rxnorm,47.5
335,DOXAL,20,75,rxnorm,47.5
345,IODEX,20,75,rxnorm,47.5
495,SEBEX,20,75,rxnorm,47.5
471,TUCKS,20,86,rxnorm,53.0
691,BEXIN,20,75,swissmedic,47.5
380,DIGOX,20,75,rxnorm,47.5
393,DIABETIC CHOICE,20,75,rxnorm,47.5
391,DEXOL,20,75,rxnorm,47.5
366,DYLIX,20,75,rxnorm,47.5
377,DIGEX,20,75,rxnorm,47.5
403,DEGAS,20,86,rxnorm,53.0
558,POTASSIUM SODIUM TARTRATE,20,75,rxnorm,47.5
395,DIABETIC TUSSIN,20,75,rxnorm,47.5
292,BIDEX,20,100,rxnorm,60.0
246,BELIX,20,75,"fda, rxnorm",47.5
810,BRINTELLIX 5 MG,20,73,swissmedic,46.5
668,BACKHOUSIA CITRIODORA WHOLE EXTRACT,20,86,rxnorm,53.0
551,REDUX,20,75,rxnorm,47.5
705,BONOX,20,75,swissmedic,47.5
529,PTEROCARPUS MARSUPIUM WHOLE EXTRACT,20,73,rxnorm,46.5
385,DILEX,20,75,rxnorm,47.5
644,POTASSIUM COCOYL GLYCINATE,19,75,rxnorm,47.0
667,POTASSIUM METHOXYSALICYLATE,19,75,rxnorm,47.0
555,PULEX IRRITANS PREPARATION,19,75,rxnorm,47.0
751,PECTOREX BRONCHIALPASTILLEN,19,80,swissmedic,49.5
305,BUCKLEY'S COUGH SUPPRESSANT,19,75,rxnorm,47.0
811,BRINTELLIX 10 MG,19,73,swissmedic,46.0
526,BUXUS SEMPERVIRENS LEAFY TWIG EXTRACT,19,75,rxnorm,47.0
826,PEMETREXED FRESENIUS 500 MG,19,73,swissmedic,46.0
513,PROTEUS VULGARIS,19,75,rxnorm,47.0
813,BRINTELLIX 20 MG,19,73,swissmedic,46.0
825,PEMETREXED FRESENIUS 100 MG,19,73,swissmedic,46.0
611,PISTACIA LENTISCUS SEED OIL,19,75,rxnorm,47.0
650,PROTEUS RETTGERI,19,75,rxnorm,47.0
562,BIXA ORELLANA SEED EXTRACT,19,86,rxnorm,52.5
812,BRINTELLIX 15 MG,19,73,swissmedic,46.0
590,DOUGLAS FIR POLLEN EXTRACT,19,75,rxnorm,47.0
615,BOLETUS SATANAS FRUITING BODY EXTRACT,19,75,rxnorm,47.0
616,STACHYS OFFICINALIS EXTRACT,19,75,rxnorm,47.0
577,TAGETES ERECTA FLOWER EXTRACT,18,75,rxnorm,46.5
653,VITEX TRIFOLIA FRUIT EXTRACT,18,75,rxnorm,46.5
516,QUDEXY,18,75,rxnorm,46.5
588,PROTEUS MIRABILIS,18,75,rxnorm,46.5
599,POTASSIUM ALUMINUM DISILICATE,18,75,rxnorm,46.5
671,TAGETES ERECTA WHOLE EXTRACT,18,75,rxnorm,46.5
545,COPTIS CHINENSIS ROOT EXTRACT,18,75,rxnorm,46.5
556,ZOBUXA,18,75,rxnorm,46.5
565,DEXAIR,18,75,"rxnorm, fda",46.5
182,DOXIL (LIPOSOMAL),18,75,fda,46.5
390,DEXIUM,18,75,rxnorm,46.5
294,BIOMOX,18,75,rxnorm,46.5
7,DROXIA,18,75,"fda, rxnorm",46.5
243,CODOXY,18,75,fda,46.5
773,TEKCIS,18,75,swissmedic,46.5
704,CIBADREX 20/25 MG,18,80,swissmedic,49.0
422,LYDEXA,18,75,rxnorm,46.5
365,DYGASE,18,86,rxnorm,52.0
698,PENTOXI-MEPHA 400,18,89,swissmedic,53.5
724,PEGASYS 180 MCG/0,18,75,swissmedic,46.5
250,TUKYSA,18,86,"fda, rxnorm",52.0
218,TNKASE,18,75,"fda, rxnorm",46.5
723,PEGASYS 135 MCG/0,18,75,swissmedic,46.5
472,TUCKS FAST RELIEF,18,86,rxnorm,52.0
404,DEGEST,18,75,rxnorm,46.5
399,DIABETIC TUSSIN C,18,75,rxnorm,46.5
382,DUEXIS,18,75,"rxnorm, fda",46.5
392,DEXYCU,18,75,rxnorm,46.5
308,BUFFEX,18,75,rxnorm,46.5
500,PROTEX DEEP CLEAN,18,89,rxnorm,53.5
596,DAUCUS CAROTA SUBSP. CAROTA WHOLE EXTRACT,17,86,rxnorm,51.5
597,PEDICULUS HUMANUS VAR. CAPITIS,17,89,rxnorm,53.0
758,ATOX II COMBOPEN AUTO-INJECTOR,17,75,swissmedic,46.0
381,DIOCAPS,17,75,rxnorm,46.0
276,BETHKIS,17,100,"rxnorm, fda",58.5
63,TEGISON,17,75,"fda, rxnorm",46.0
10,LIDEX-E,17,75,fda,46.0
281,BENDEKA,17,75,"rxnorm, fda",46.0
269,BAQSIMI,17,75,"rxnorm, fda",46.0
343,EDX-102,17,75,rxnorm,46.0
805,PEMTREX SANDOZ 1 G,17,80,swissmedic,48.5
288,BEXSERO,17,75,"rxnorm, swissmedic",46.0
293,BIDHIST,17,75,rxnorm,46.0
569,BOX ELDER MAPLE POLLEN EXTRACT,17,86,rxnorm,51.5
780,PEGASYS 180 MCG/ML,17,75,swissmedic,46.0
685,BEKUNIS ABFÜHRTEE TASSENFERTIG,17,75,swissmedic,46.0
784,BETESIL,17,75,swissmedic,46.0
324,COPEGUS,17,75,"rxnorm, fda",46.0
315,BUTISOL,17,75,rxnorm,46.0
344,EDX-502,17,75,rxnorm,46.0
156,PRECOSE,17,75,"fda, rxnorm",46.0
386,DILEX-G,17,75,rxnorm,46.0
396,DISKETS,17,75,rxnorm,46.0
203,TYGACIL,17,75,"fda, rxnorm",46.0
836,TAKHZYRO 300MG/2ML,17,75,swissmedic,46.0
478,TOKISAN,17,75,rxnorm,46.0
470,TEGSEDI,17,75,"rxnorm, fda",46.0
469,TIKOSYN,17,75,"rxnorm, fda",46.0
624,DIOXANE,17,75,rxnorm,46.0
464,TUCKS SUPPOSITORIES,17,86,rxnorm,51.5
452,PEDESIL,17,75,rxnorm,46.0
445,PODOCON,17,75,rxnorm,46.0
433,PELODIS,17,75,rxnorm,46.0
814,BRINTELLIX 20 MG/ML,17,73,swissmedic,45.0
605,DAUCUS CAROTA SUBSP. SATIVUS SEED EXTRACT,17,86,rxnorm,51.5
794,APOTHEKE ZUR EICHE ANTITUSSIVUM,17,75,swissmedic,46.0
174,CEFPODOXIME PROXETIL,16,73,fda,44.5
796,PECTOREX BRONCHIALPASTILLEN MINT,16,80,swissmedic,48.0
604,VITEX AGNUS-CASTUS WHOLE EXTRACT,16,75,rxnorm,45.5
572,BURDOCK ROOT EXTRACT,16,75,rxnorm,45.5
734,ERBITUX 100 MG/20 ML,16,80,swissmedic,48.0
703,CIBADREX 10/12.50 MG,16,80,swissmedic,48.0
706,PODOMEXEF FÜR KINDER,16,80,swissmedic,48.0
56,BUTOCONAZOLE NITRATE,16,80,fda,48.0
509,VITEX ROTUNDIFOLIA FRUIT EXTRACT,16,75,rxnorm,45.5
207,DEXONE 4,15,75,fda,45.0
67,BECONASE,15,75,"fda, rxnorm",45.0
400,DIABETIC TUSSIN COUGH,15,75,rxnorm,45.0
736,TUSSEX HOMÖOPATHISCHE HUSTENTROPFEN,15,75,swissmedic,45.0
735,ERBITUX 500 MG/100 ML,15,80,swissmedic,47.5
260,BELEODAQ,15,75,"fda, rxnorm",45.0
3,BETAZOLE HYDROCHLORIDE,15,75,fda,45.0
672,BIXA ORELLANA SEED OIL,15,86,rxnorm,50.5
473,TUCKS HC,15,86,rxnorm,50.5
245,BUTICAPS,15,89,fda,52.0
22,POTASSIUM CHLORIDE; SODIUM CHLORIDE,15,75,fda,45.0
524,POTASSIUM HYDROXYQUINOLINE SULFATE,15,75,rxnorm,45.0
695,DOBUTREX 250 MG/50 ML,15,80,swissmedic,47.5
462,VIDEX EC,15,75,"rxnorm, fda",45.0
749,CEFPODOXIM SANDOZ 100,15,73,swissmedic,44.0
803,PEMTREX SANDOZ 100 MG,15,80,swissmedic,47.5
801,PEMETREXED-TEVA 500 MG,15,73,swissmedic,44.0
188,DOXY 100,15,86,fda,50.5
189,DOXY 200,15,86,fda,50.5
66,PRALIDOXIME CHLORIDE (AUTOINJECTOR),15,73,fda,44.0
800,PEMETREXED-TEVA 100 MG,15,73,swissmedic,44.0
804,PEMTREX SANDOZ 500 MG,15,80,swissmedic,47.5
337,DYNEX HD,15,75,rxnorm,45.0
342,EDX-1000,15,75,rxnorm,45.0
351,DOCULASE,15,75,rxnorm,45.0
357,DIAPEDIC,15,75,rxnorm,45.0
750,CEFPODOXIM SANDOZ 200,15,73,swissmedic,44.0
338,DYNEX VR,15,75,rxnorm,45.0
841,PEMETREXED ACCORD 500 MG,14,73,swissmedic,43.5
172,RYBIX ODT,14,75,fda,44.5
191,DORYX MPC,14,75,fda,44.5
183,NEOBIOTIC,14,75,fda,44.5
201,PYRIDOXINE HYDROCHLORIDE,14,80,fda,47.0
840,PEMETREXED ACCORD 100 MG,14,73,swissmedic,43.5
790,PECTUS JUNIOR HUSTENPASTILLEN FÜR KINDER MIT VITAMIN C,14,75,swissmedic,44.5
239,POTASSIUM CHLORIDE IN PLASTIC CONTAINER,14,75,fda,44.5
601,STACHYS OFFICINALIS FLOWER TOP EXTRACT,14,75,rxnorm,44.5
296,BIOTUSSIN,14,75,rxnorm,44.5
143,BETAXOLOL HYDROCHLORIDE; CHLORTHALIDONE,14,80,fda,47.0
341,DOXY-CAPS,14,86,rxnorm,50.0
802,PEMETREXED-TEVA 1000 MG,14,73,swissmedic,43.5
600,OBIDOXIME,14,80,rxnorm,47.0
271,BENZEDREX,14,73,rxnorm,43.5
383,DULCOEASE,14,75,rxnorm,44.5
259,QUDEXY XR,14,75,fda,44.5
816,PEMETREXED MMPHARM 500MG,14,73,swissmedic,43.5
815,PEMETREXED MMPHARM 100MG,14,73,swissmedic,43.5
722,BEKUNIS DRAGÉES BISACODYL,13,75,swissmedic,44.0
690,DOXIUM 500,13,75,swissmedic,44.0
798,PEMETREXED MENARINI 100 MG,13,73,swissmedic,43.0
730,EBIXA 5 MG,13,75,swissmedic,44.0
799,PEMETREXED MENARINI 500 MG,13,73,swissmedic,43.0
842,PEMETREXED ACCORD 1000 MG,13,73,swissmedic,43.0
229,DEXYCU KIT,13,75,fda,44.0
394,DIABETIC TUS WITH CODEINE,13,75,rxnorm,44.0
249,Pemetrexed,13,73,fda,43.0
210,METHOXY POLYETHYLENE GLYCOL-EPOETIN BETA,13,75,"fda, rxnorm",44.0
331,DOUXO CALM,13,86,rxnorm,49.5
206,DEXONE 0.5,13,75,fda,44.0
205,DEXONE 1.5,13,75,fda,44.0
301,BOUDREAUXS RASH PROTECTOR,13,89,rxnorm,51.0
606,TAGETES MINUTA FLOWER OIL,13,75,rxnorm,44.0
268,BALOX PLUS,13,75,rxnorm,44.0
157,BREATHTEK UBT FOR H-PYLORI,13,75,fda,44.0
540,BUTHIAZIDE,13,75,rxnorm,44.0
148,POTASSIUM CHLORIDE 40MEQ IN PLASTIC CONTAINER,12,75,fda,43.5
759,BETONICA D3/ROSMARINUS D3 AA,12,75,swissmedic,43.5
146,POTASSIUM CHLORIDE 20MEQ IN PLASTIC CONTAINER,12,75,fda,43.5
252,POTASSIUM CHLORIDE 40MEQ IN DEXTROSE 5% AND SODIUM CHLORIDE 0.9%,12,75,fda,43.5
251,POTASSIUM CHLORIDE 20MEQ IN DEXTROSE 5% AND SODIUM CHLORIDE 0.9%,12,75,fda,43.5
145,POTASSIUM CHLORIDE 10MEQ IN PLASTIC CONTAINER,12,75,fda,43.5
372,ETHEX BRAND OF NITROGLYCERIN,12,75,rxnorm,43.5
147,POTASSIUM CHLORIDE 30MEQ IN PLASTIC CONTAINER,12,75,fda,43.5
710,BOTOX 100 ALLERGAN-EINHEITEN,12,100,swissmedic,56.0
711,BOTOX 50 ALLERGAN-EINHEITEN,12,100,swissmedic,56.0
712,BOTOX 200 ALLERGAN-EINHEITEN,12,100,swissmedic,56.0
389,DECOTUSS-HD,12,75,rxnorm,43.5
340,DOXY LEMMON,12,86,rxnorm,49.0
35,POTASSIUM CHLORIDE 20MEQ IN DEXTROSE 5% IN PLASTIC CONTAINER,12,75,fda,43.5
727,EBIXA 15 MG,12,75,swissmedic,43.5
728,EBIXA 20 MG,12,75,swissmedic,43.5
729,EBIXA 10 MG,12,75,swissmedic,43.5
402,DIABETIC TUSSIN MUCUS RELIEF,12,75,rxnorm,43.5
353,DOCUSOL PLUS,12,75,rxnorm,43.5
104,POTASSIUM CHLORIDE 0.037% IN DEXTROSE 5% IN PLASTIC CONTAINER,12,75,fda,43.5
360,DOLGIC PLUS,12,75,rxnorm,43.5
483,METOX BRAND OF METOCLOPRAMIDE,12,75,rxnorm,43.5
105,POTASSIUM CHLORIDE 0.11% IN DEXTROSE 5% IN PLASTIC CONTAINER,12,75,fda,43.5
37,POTASSIUM CHLORIDE 30MEQ IN DEXTROSE 5% IN PLASTIC CONTAINER,12,75,fda,43.5
208,DEXONE 0.75,12,75,fda,43.5
169,DOXY-LEMMON,12,86,fda,49.0
580,BUTOXYCAINE,12,80,rxnorm,46.0
228,"POTASSIUM PHOSPHATE, DIBASIC; POTASSIUM PHOSPHATE, MONOBASIC",12,75,fda,43.5
614,VITEX NEGUNDO FLOWER EXTRACT,12,75,rxnorm,43.5
649,METHOXY PEG PPG-7-3 AMINOPROPYL DIMETHICONE,12,75,rxnorm,43.5
675,DISQUES VERTEBRAUX SÉROCYTOL,12,75,swissmedic,43.5
617,REPTOCOCCUS VIRIDANS GROUP IMMUNOSERUM RABBIT,12,73,rxnorm,42.5
47,POTASSIUM CHLORIDE 0.075% IN DEXTROSE 5% IN PLASTIC CONTAINER,12,75,fda,43.5
48,POTASSIUM CHLORIDE 0.15% IN DEXTROSE 5% IN PLASTIC CONTAINER,12,75,fda,43.5
49,POTASSIUM CHLORIDE 0.22% IN DEXTROSE 5% IN PLASTIC CONTAINER,12,75,fda,43.5
837,PEMETREXED SANDOZ 100 MG/4 ML,12,73,swissmedic,42.5
50,POTASSIUM CHLORIDE 0.3% IN DEXTROSE 5% IN PLASTIC CONTAINER,12,75,fda,43.5
541,BUTOCONAZOLE,12,80,rxnorm,46.0
179,"BAZEDOXIFENE ACETATE; ESTROGENS, CONJUGATED",12,73,fda,42.5
36,POTASSIUM CHLORIDE 40MEQ IN DEXTROSE 5% IN PLASTIC CONTAINER,12,75,fda,43.5
256,POTASSIUM CHLORIDE 40MEQ IN DEXTROSE 5% AND SODIUM CHLORIDE 0.45%,11,75,fda,43.0
678,BOOSTRIX POLIO,11,80,swissmedic,45.5
334,DOUXO MICELLAR,11,86,rxnorm,48.5
786,BETMIGA 25 MG,11,75,swissmedic,43.0
787,BETMIGA 50 MG,11,75,swissmedic,43.0
679,BECOZYM FORTE,11,75,swissmedic,43.0
21,POTASSIUM CHLORIDE 0.15% IN SODIUM CHLORIDE 0.9%,11,75,fda,43.0
838,PEMETREXED SANDOZ 500 MG/20 ML,11,73,swissmedic,42.0
23,POTASSIUM CHLORIDE 0.3% AND SODIUM CHLORIDE 0.9%,11,75,fda,43.0
8,POTASSIUM CHLORIDE; SODIUM CHLORIDE; TROMETHAMINE,11,75,fda,43.0
748,TYGACIL 50 MG,11,75,swissmedic,43.0
733,COPEGUS 400 MG,11,75,swissmedic,43.0
648,METHOXY PEG-10,11,75,rxnorm,43.0
827,PEMETREXED-TEVA LIQUID 100 MG/4ML,11,73,swissmedic,42.0
670,METHOXY PEG-40,11,75,rxnorm,43.0
253,POTASSIUM CHLORIDE 10MEQ IN DEXTROSE 5% AND SODIUM CHLORIDE 0.45%,11,75,fda,43.0
817,TUXYL ALLERGO,11,75,swissmedic,43.0
753,APOTHEKE ZUR EICHE MUCOLYTICUM,11,75,swissmedic,43.0
254,POTASSIUM CHLORIDE 20MEQ IN DEXTROSE 5% AND SODIUM CHLORIDE 0.45%,11,75,fda,43.0
284,BETAGEN BRAND OF POVIDONE-IODINE,11,75,rxnorm,43.0
732,COPEGUS 200 MG,11,75,swissmedic,43.0
839,PEMETREXED SANDOZ 1000 MG/40 ML,11,73,swissmedic,42.0
24,POTASSIUM CHLORIDE 0.224% IN SODIUM CHLORIDE 0.9%,11,75,fda,43.0
768,DOXIUM 1000 MG,11,75,swissmedic,43.0
255,POTASSIUM CHLORIDE 30MEQ IN DEXTROSE 5% AND SODIUM CHLORIDE 0.45%,11,75,fda,43.0
25,POTASSIUM CHLORIDE 0.15% IN SODIUM CHLORIDE 0.45%,11,75,fda,43.0
154,BETAXOLOL HYDROCHLORIDE; PILOCARPINE HYDROCHLORIDE,11,80,fda,45.5
5,BUTISOL SODIUM,11,75,fda,43.0
231,OBETICHOLIC ACID,10,80,"fda, rxnorm",45.0
830,PEMETREXED-TEVA LIQUID 850 MG/34ML,10,73,swissmedic,41.5
307,BUCKLEYS MIXTURE,10,75,rxnorm,42.5
829,PEMETREXED-TEVA LIQUID 1000 MG/40ML,10,73,swissmedic,41.5
552,BOLETUS LURIDUS FRUITING BODY EXTRACT,10,75,rxnorm,42.5
828,PEMETREXED-TEVA LIQUID 500 MG/20ML,10,73,swissmedic,41.5
821,PEMETREXED SANDOZ CONC. 100 MG/4 ML,10,73,swissmedic,41.5
822,PEMETREXED SANDOZ CONC. 500 MG/20 ML,10,73,swissmedic,41.5
823,PEMETREXED SANDOZ CONC. 1000 MG/40 ML,10,73,swissmedic,41.5
122,POTASSIUM CHLORIDE 0.15% IN DEXTROSE 5% AND SODIUM CHLORIDE 0.2% IN PLASTIC CONTAINER,9,75,fda,42.0
121,POTASSIUM CHLORIDE 0.11% IN DEXTROSE 5% AND SODIUM CHLORIDE 0.2% IN PLASTIC CONTAINER,9,75,fda,42.0
120,POTASSIUM CHLORIDE 0.075% IN DEXTROSE 5% AND SODIUM CHLORIDE 0.2% IN PLASTIC CONTAINER,9,75,fda,42.0
118,POTASSIUM CHLORIDE 0.3% IN DEXTROSE 5% AND SODIUM CHLORIDE 0.11% IN PLASTIC CONTAINER,9,75,fda,42.0
123,POTASSIUM CHLORIDE 0.22% IN DEXTROSE 5% AND SODIUM CHLORIDE 0.2% IN PLASTIC CONTAINER,9,75,fda,42.0
119,POTASSIUM CHLORIDE 0.037% IN DEXTROSE 5% AND SODIUM CHLORIDE 0.2% IN PLASTIC CONTAINER,9,75,fda,42.0
34,POTASSIUM CHLORIDE 15MEQ IN DEXTROSE 5% AND SODIUM CHLORIDE 0.225% IN PLASTIC CONTAINER,9,75,fda,42.0
124,POTASSIUM CHLORIDE 0.3% IN DEXTROSE 5% AND SODIUM CHLORIDE 0.2% IN PLASTIC CONTAINER,9,75,fda,42.0
132,POTASSIUM CHLORIDE 0.075% IN DEXTROSE 5% AND SODIUM CHLORIDE 0.45% IN PLASTIC CONTAINER,9,75,fda,42.0
116,POTASSIUM CHLORIDE 0.15% IN DEXTROSE 5% AND SODIUM CHLORIDE 0.11% IN PLASTIC CONTAINER,9,75,fda,42.0
137,POTASSIUM CHLORIDE 0.037% IN DEXTROSE 5% AND SODIUM CHLORIDE 0.9% IN PLASTIC CONTAINER,9,75,fda,42.0
136,POTASSIUM CHLORIDE 0.3% IN DEXTROSE 5% AND SODIUM CHLORIDE 0.45% IN PLASTIC CONTAINER,9,75,fda,42.0
135,POTASSIUM CHLORIDE 0.22% IN DEXTROSE 5% AND SODIUM CHLORIDE 0.45% IN PLASTIC CONTAINER,9,75,fda,42.0
134,POTASSIUM CHLORIDE 0.15% IN DEXTROSE 5% AND SODIUM CHLORIDE 0.45% IN PLASTIC CONTAINER,9,75,fda,42.0
133,POTASSIUM CHLORIDE 0.11% IN DEXTROSE 5% AND SODIUM CHLORIDE 0.45% IN PLASTIC CONTAINER,9,75,fda,42.0
131,POTASSIUM CHLORIDE 0.037% IN DEXTROSE 5% AND SODIUM CHLORIDE 0.45% IN PLASTIC CONTAINER,9,75,fda,42.0
125,POTASSIUM CHLORIDE 0.037% IN DEXTROSE 5% AND SODIUM CHLORIDE 0.33% IN PLASTIC CONTAINER,9,75,fda,42.0
130,POTASSIUM CHLORIDE 0.3% IN DEXTROSE 5% AND SODIUM CHLORIDE 0.33% IN PLASTIC CONTAINER,9,75,fda,42.0
129,POTASSIUM CHLORIDE 0.22% IN DEXTROSE 5% AND SODIUM CHLORIDE 0.33% IN PLASTIC CONTAINER,9,75,fda,42.0
332,DOUXO CALM SHAMPOO,9,86,rxnorm,47.5
128,POTASSIUM CHLORIDE 0.15% IN DEXTROSE 5% AND SODIUM CHLORIDE 0.33% IN PLASTIC CONTAINER,9,75,fda,42.0
127,POTASSIUM CHLORIDE 0.11% IN DEXTROSE 5% AND SODIUM CHLORIDE 0.33% IN PLASTIC CONTAINER,9,75,fda,42.0
126,POTASSIUM CHLORIDE 0.075% IN DEXTROSE 5% AND SODIUM CHLORIDE 0.33% IN PLASTIC CONTAINER,9,75,fda,42.0
117,POTASSIUM CHLORIDE 0.22% IN DEXTROSE 5% AND SODIUM CHLORIDE 0.11% IN PLASTIC CONTAINER,9,75,fda,42.0
58,POTASSIUM CHLORIDE 10MEQ IN DEXTROSE 5% AND LACTATED RINGER'S IN PLASTIC CONTAINER,9,75,fda,42.0
115,POTASSIUM CHLORIDE 0.11% IN DEXTROSE 5% AND SODIUM CHLORIDE 0.11% IN PLASTIC CONTAINER,9,75,fda,42.0
463,TUCKS HEMORRHOIDAL,9,86,rxnorm,47.5
60,POTASSIUM CHLORIDE 15MEQ IN DEXTROSE 5% AND LACTATED RINGER'S IN PLASTIC CONTAINER,9,75,fda,42.0
61,POTASSIUM CHLORIDE 30MEQ IN DEXTROSE 5% AND LACTATED RINGER'S IN PLASTIC CONTAINER,9,75,fda,42.0
62,POTASSIUM CHLORIDE 40MEQ IN DEXTROSE 5% AND LACTATED RINGER'S IN PLASTIC CONTAINER,9,75,fda,42.0
73,POTASSIUM CHLORIDE 0.075% IN DEXTROSE 5% AND SODIUM CHLORIDE 0.9% IN PLASTIC CONTAINER,9,75,fda,42.0
74,POTASSIUM CHLORIDE 0.11% IN DEXTROSE 5% AND SODIUM CHLORIDE 0.9% IN PLASTIC CONTAINER,9,75,fda,42.0
75,POTASSIUM CHLORIDE 0.15% IN DEXTROSE 5% AND SODIUM CHLORIDE 0.9% IN PLASTIC CONTAINER,9,75,fda,42.0
76,POTASSIUM CHLORIDE 0.22% IN DEXTROSE 5% AND SODIUM CHLORIDE 0.9% IN PLASTIC CONTAINER,9,75,fda,42.0
77,POTASSIUM CHLORIDE 0.3% IN DEXTROSE 5% AND SODIUM CHLORIDE 0.9% IN PLASTIC CONTAINER,9,75,fda,42.0
57,POTASSIUM CHLORIDE 5MEQ IN DEXTROSE 5% AND LACTATED RINGER'S IN PLASTIC CONTAINER,9,75,fda,42.0
78,POTASSIUM CHLORIDE 0.037% IN DEXTROSE 10% AND SODIUM CHLORIDE 0.2% IN PLASTIC CONTAINER,9,75,fda,42.0
79,POTASSIUM CHLORIDE 0.075% IN DEXTROSE 10% AND SODIUM CHLORIDE 0.2% IN PLASTIC CONTAINER,9,75,fda,42.0
80,POTASSIUM CHLORIDE 0.11% IN DEXTROSE 10% AND SODIUM CHLORIDE 0.2% IN PLASTIC CONTAINER,9,75,fda,42.0
81,POTASSIUM CHLORIDE 0.15% IN DEXTROSE 10% AND SODIUM CHLORIDE 0.2% IN PLASTIC CONTAINER,9,75,fda,42.0
82,POTASSIUM CHLORIDE 0.22% IN DEXTROSE 10% AND SODIUM CHLORIDE 0.2% IN PLASTIC CONTAINER,9,75,fda,42.0
114,POTASSIUM CHLORIDE 0.075% IN DEXTROSE 5% AND SODIUM CHLORIDE 0.11% IN PLASTIC CONTAINER,9,75,fda,42.0
84,POTASSIUM CHLORIDE 0.037% IN DEXTROSE 10% AND SODIUM CHLORIDE 0.45% IN PLASTIC CONTAINER,9,75,fda,42.0
59,POTASSIUM CHLORIDE 20MEQ IN DEXTROSE 5% AND LACTATED RINGER'S IN PLASTIC CONTAINER,9,75,fda,42.0
28,POTASSIUM CHLORIDE 15MEQ IN DEXTROSE 5% AND SODIUM CHLORIDE 0.45% IN PLASTIC CONTAINER,9,75,fda,42.0
86,POTASSIUM CHLORIDE 0.11% IN DEXTROSE 10% AND SODIUM CHLORIDE 0.45% IN PLASTIC CONTAINER,9,75,fda,42.0
45,POTASSIUM CHLORIDE 15MEQ IN DEXTROSE 5% AND SODIUM CHLORIDE 0.3% IN PLASTIC CONTAINER,9,75,fda,42.0
33,POTASSIUM CHLORIDE 5MEQ IN DEXTROSE 5% AND SODIUM CHLORIDE 0.225% IN PLASTIC CONTAINER,9,75,fda,42.0
40,POTASSIUM CHLORIDE 10MEQ IN DEXTROSE 5% AND SODIUM CHLORIDE 0.3% IN PLASTIC CONTAINER,9,75,fda,42.0
41,POTASSIUM CHLORIDE 20MEQ IN DEXTROSE 5% IN SODIUM CHLORIDE 0.3% IN PLASTIC CONTAINER,9,75,fda,42.0
32,POTASSIUM CHLORIDE 40MEQ IN DEXTROSE 5% AND SODIUM CHLORIDE 0.225% IN PLASTIC CONTAINER,9,75,fda,42.0
42,POTASSIUM CHLORIDE 30MEQ IN DEXTROSE 5% AND SODIUM CHLORIDE 0.3% IN PLASTIC CONTAINER,9,75,fda,42.0
43,POTASSIUM CHLORIDE 40MEQ IN DEXTROSE 5% AND SODIUM CHLORIDE 0.3% IN PLASTIC CONTAINER,9,75,fda,42.0
44,POTASSIUM CHLORIDE 5MEQ IN DEXTROSE 5% AND SODIUM CHLORIDE 0.3% IN PLASTIC CONTAINER,9,75,fda,42.0
31,POTASSIUM CHLORIDE 30MEQ IN DEXTROSE 5% AND SODIUM CHLORIDE 0.225% IN PLASTIC CONTAINER,9,75,fda,42.0
29,POTASSIUM CHLORIDE 20MEQ IN DEXTROSE 5% AND SODIUM CHLORIDE 0.225% IN PLASTIC CONTAINER,9,75,fda,42.0
46,POTASSIUM CHLORIDE 20MEQ IN DEXTROSE 5% AND SODIUM CHLORIDE 0.3% IN PLASTIC CONTAINER,9,75,fda,42.0
30,POTASSIUM CHLORIDE 10MEQ IN DEXTROSE 5% AND SODIUM CHLORIDE 0.225% IN PLASTIC CONTAINER,9,75,fda,42.0
51,POTASSIUM CHLORIDE 5MEQ IN DEXTROSE 5% AND SODIUM CHLORIDE 0.9% IN PLASTIC CONTAINER,9,75,fda,42.0
52,POTASSIUM CHLORIDE 10MEQ IN DEXTROSE 5% AND SODIUM CHLORIDE 0.9% IN PLASTIC CONTAINER,9,75,fda,42.0
53,POTASSIUM CHLORIDE 20MEQ IN DEXTROSE 5% AND SODIUM CHLORIDE 0.9% IN PLASTIC CONTAINER,9,75,fda,42.0
54,POTASSIUM CHLORIDE 30MEQ IN DEXTROSE 5% AND SODIUM CHLORIDE 0.9% IN PLASTIC CONTAINER,9,75,fda,42.0
55,POTASSIUM CHLORIDE 40MEQ IN DEXTROSE 5% AND SODIUM CHLORIDE 0.9% IN PLASTIC CONTAINER,9,75,fda,42.0
85,POTASSIUM CHLORIDE 0.075% IN DEXTROSE 10% AND SODIUM CHLORIDE 0.45% IN PLASTIC CONTAINER,9,75,fda,42.0
83,POTASSIUM CHLORIDE 0.3% IN DEXTROSE 10% AND SODIUM CHLORIDE 0.2% IN PLASTIC CONTAINER,9,75,fda,42.0
98,POTASSIUM CHLORIDE 0.15% IN DEXTROSE 3.3% AND SODIUM CHLORIDE 0.3% IN PLASTIC CONTAINER,9,75,fda,42.0
93,POTASSIUM CHLORIDE 0.15% IN DEXTROSE 10% AND SODIUM CHLORIDE 0.9% IN PLASTIC CONTAINER,9,75,fda,42.0
16,POTASSIUM CHLORIDE 10MEQ IN DEXTROSE 5% AND SODIUM CHLORIDE 0.45% IN PLASTIC CONTAINER,9,75,fda,42.0
103,POTASSIUM CHLORIDE 15MEQ IN DEXTROSE 5% AND SODIUM CHLORIDE 0.9% IN PLASTIC CONTAINER,9,75,fda,42.0
17,POTASSIUM CHLORIDE 20MEQ IN DEXTROSE 5% AND SODIUM CHLORIDE 0.45% IN PLASTIC CONTAINER,9,75,fda,42.0
100,POTASSIUM CHLORIDE 0.3% IN DEXTROSE 3.3% AND SODIUM CHLORIDE 0.3% IN PLASTIC CONTAINER,9,75,fda,42.0
99,POTASSIUM CHLORIDE 0.22% IN DEXTROSE 3.3% AND SODIUM CHLORIDE 0.3% IN PLASTIC CONTAINER,9,75,fda,42.0
97,POTASSIUM CHLORIDE 0.11% IN DEXTROSE 3.3% AND SODIUM CHLORIDE 0.3% IN PLASTIC CONTAINER,9,75,fda,42.0
96,POTASSIUM CHLORIDE 0.075% IN DEXTROSE 3.3% AND SODIUM CHLORIDE 0.3% IN PLASTIC CONTAINER,9,75,fda,42.0
18,POTASSIUM CHLORIDE 30MEQ IN DEXTROSE 5% AND SODIUM CHLORIDE 0.45% IN PLASTIC CONTAINER,9,75,fda,42.0
95,POTASSIUM CHLORIDE 0.3% IN DEXTROSE 10% AND SODIUM CHLORIDE 0.9% IN PLASTIC CONTAINER,9,75,fda,42.0
94,POTASSIUM CHLORIDE 0.22% IN DEXTROSE 10% AND SODIUM CHLORIDE 0.9% IN PLASTIC CONTAINER,9,75,fda,42.0
15,POTASSIUM CHLORIDE 5MEQ IN DEXTROSE 5% AND SODIUM CHLORIDE 0.45% IN PLASTIC CONTAINER,9,75,fda,42.0
113,POTASSIUM CHLORIDE 0.037% IN DEXTROSE 5% AND SODIUM CHLORIDE 0.11% IN PLASTIC CONTAINER,9,75,fda,42.0
87,POTASSIUM CHLORIDE 0.15% IN DEXTROSE 10% AND SODIUM CHLORIDE 0.45% IN PLASTIC CONTAINER,9,75,fda,42.0
19,POTASSIUM CHLORIDE 40MEQ IN DEXTROSE 5% AND SODIUM CHLORIDE 0.45% IN PLASTIC CONTAINER,9,75,fda,42.0
92,POTASSIUM CHLORIDE 0.11% IN DEXTROSE 10% AND SODIUM CHLORIDE 0.9% IN PLASTIC CONTAINER,9,75,fda,42.0
91,POTASSIUM CHLORIDE 0.075% IN DEXTROSE 10% AND SODIUM CHLORIDE 0.9% IN PLASTIC CONTAINER,9,75,fda,42.0
90,POTASSIUM CHLORIDE 0.037% IN DEXTROSE 10% AND SODIUM CHLORIDE 0.9% IN PLASTIC CONTAINER,9,75,fda,42.0
89,POTASSIUM CHLORIDE 0.3% IN DEXTROSE 10% AND SODIUM CHLORIDE 0.45% IN PLASTIC CONTAINER,9,75,fda,42.0
88,POTASSIUM CHLORIDE 0.22% IN DEXTROSE 10% AND SODIUM CHLORIDE 0.45% IN PLASTIC CONTAINER,9,75,fda,42.0
111,POTASSIUM CHLORIDE 0.3% IN SODIUM CHLORIDE 0.9% IN PLASTIC CONTAINER,8,75,fda,41.5
101,POTASSIUM CHLORIDE 20MEQ IN SODIUM CHLORIDE 0.9% IN PLASTIC CONTAINER,8,75,fda,41.5
102,POTASSIUM CHLORIDE 40MEQ IN SODIUM CHLORIDE 0.9% IN PLASTIC CONTAINER,8,75,fda,41.5
107,POTASSIUM CHLORIDE 0.075% IN SODIUM CHLORIDE 0.9% IN PLASTIC CONTAINER,8,75,fda,41.5
200,POTASSIUM CHLORIDE 0.149% IN SODIUM CHLORIDE 0.45% IN PLASTIC CONTAINER,8,75,fda,41.5
108,POTASSIUM CHLORIDE 0.11% IN SODIUM CHLORIDE 0.9% IN PLASTIC CONTAINER,8,75,fda,41.5
110,POTASSIUM CHLORIDE 0.22% IN SODIUM CHLORIDE 0.9% IN PLASTIC CONTAINER,8,75,fda,41.5
283,BETAGEN BRAND OF BETAMETHASONE AND GENTAMICIN,8,75,rxnorm,41.5
333,DOUXO CHLORHEXIDINE,8,86,rxnorm,47.0
106,POTASSIUM CHLORIDE 0.037% IN SODIUM CHLORIDE 0.9% IN PLASTIC CONTAINER,8,75,fda,41.5
109,POTASSIUM CHLORIDE 0.15% IN SODIUM CHLORIDE 0.9% IN PLASTIC CONTAINER,8,75,fda,41.5
785,BEXIN HUSTENLÖSER 600,8,75,swissmedic,41.5
303,BUCKLEY'S BEDTIME FORMULA,7,75,rxnorm,41.0
398,DUOXO SEBHORRHEA SHAMPOO,7,86,rxnorm,46.5
304,BUCKLEY'S CHEST CONGESTION,6,75,rxnorm,40.5
626,METHOXY PEG-22/DODECYL GLYCOL POLYMER,5,75,rxnorm,40.0
358,DOLGIC,0,75,rxnorm,37.5
359,DOLGIC LQ,0,75,rxnorm,37.5
352,DOCUSOL,0,75,rxnorm,37.5
261,carbadox,0,80,usan,40.0
262,paclitaxel,0,73,usan,36.5
263,obatoclax,0,73,usan,36.5
291,BICOZENE,0,75,rxnorm,37.5
306,BUCKLEYS FORMO CRESOL,0,75,rxnorm,37.5
397,DUOGESIC,0,75,rxnorm,37.5
