477,ACTHAR,83,100,"rxnorm, fda",91.5
443,ACETA,73,86,rxnorm,79.5
498,ACTRON,67,89,"rxnorm, fda",78.0
845,ESTAR,55,100,rxnorm,77.5
1571,ACTEMRA,62,89,"swissmedic, rxnorm, fda",75.5
871,ODACTRA,62,89,rxnorm,75.5
383,ACTICORT,71,80,fda,75.5
140,ACTHREL,62,89,fda,75.5
170,ACTIQ,73,75,"fda, swissmedic, rxnorm",74.0
447,ACETADRYL,67,80,rxnorm,73.5
394,AZSTARYS,57,89,fda,73.0
328,ADCETRIS,57,89,"fda, swissmedic, rxnorm",73.0
6,ACTH,60,86,fda,73.0
1030,SALTAIRE,71,75,rxnorm,73.0
444,ACETA-GESIC,59,86,rxnorm,72.5
473,ACTAMIN,77,67,rxnorm,72.0
471,ACTACIN,77,67,rxnorm,72.0
723,CETIRI-D,57,86,rxnorm,71.5
830,DOCTAR,67,75,rxnorm,71.0
470,ACTHIB,67,75,rxnorm,71.0
461,ACLARO,67,75,rxnorm,71.0
429,ADVAIR,67,75,rxnorm,71.0
601,ANTARA,67,75,rxnorm,71.0
1016,UTIRA,55,86,rxnorm,70.5
597,ASCOT,55,86,rxnorm,70.5
1198,ZETAR,55,86,rxnorm,70.5
596,ASCOR,55,86,"rxnorm, fda",70.5
474,ACTAMINE,71,67,rxnorm,69.0
315,ACTAHIST,71,67,fda,69.0
70,ACTIN-N,62,75,fda,68.5
475,ACTEDRIL,57,80,rxnorm,68.5
667,ATRAC-TAIN,62,75,rxnorm,68.5
594,ASCAREL,62,75,rxnorm,68.5
643,ASTAGRAF,57,80,rxnorm,68.5
226,ADCIRCA,62,75,"fda, swissmedic, rxnorm",68.5
690,BACTER-AID,62,75,rxnorm,68.5
213,OTICAIR,62,75,fda,68.5
1056,ACETATE,62,75,rxnorm,68.5
482,ACTICORT 100,56,80,rxnorm,68.0
789,HYZAAR,50,86,"rxnorm, fda",68.0
862,ESTRE,36,100,rxnorm,68.0
1128,ACID RED 1,50,86,rxnorm,68.0
980,SUTTAR,50,86,rxnorm,68.0
446,ACETADRINK,62,73,rxnorm,67.5
517,ALUSTRA,46,89,rxnorm,67.5
645,ASTEPRO,46,89,"rxnorm, fda",67.5
228,ACETIC ACID,59,75,"fda, rxnorm",67.0
0,ATARAX,67,67,"fda, swissmedic, rxnorm",67.0
920,LACTICARE,67,67,rxnorm,67.0
1101,ACETAMIDE,67,67,rxnorm,67.0
1145,AIR,67,67,rxnorm,67.0
357,AZEDRA,33,100,"fda, rxnorm",66.5
128,ACITRETIN,53,80,"fda, rxnorm",66.5
1398,ACID RED 35,47,86,rxnorm,66.5
420,ACTH-80,46,86,rxnorm,66.0
978,SUSTAIRE,57,75,"rxnorm, fda",66.0
1347,FACTOR X,57,75,rxnorm,66.0
144,HECTOROL,43,89,"fda, rxnorm",66.0
385,HEATHER,46,86,fda,66.0
1165,ZEPATIER,57,75,"rxnorm, fda",66.0
847,ESTRA-TESTRIN,32,100,rxnorm,66.0
494,ACTIVE Q,57,75,rxnorm,66.0
1593,ACIDO-X,46,86,swissmedic,66.0
1541,ISCADOR,31,100,swissmedic,65.5
1444,CEDUR RETARD,44,86,swissmedic,65.0
1516,ACTOS,55,75,"swissmedic, fda, rxnorm",65.0
324,INJECTAFER,50,80,"fda, rxnorm",65.0
1595,ACTIKERALL,50,80,swissmedic,65.0
424,ATRYN,55,75,rxnorm,65.0
581,ARCET,55,75,rxnorm,65.0
742,CUTAR,73,57,rxnorm,65.0
668,ATRALIN,62,67,"rxnorm, fda",64.5
836,FACTREL,62,67,"rxnorm, fda",64.5
65,BACTRIM,62,67,"fda, swissmedic, rxnorm",64.5
479,ACTICIN,62,67,rxnorm,64.5
481,ACTICON,62,67,rxnorm,64.5
1552,ACLASTA,62,67,swissmedic,64.5
240,AZACTAM,62,67,"fda, rxnorm, swissmedic",64.5
14,ANTEPAR,62,67,"fda, rxnorm",64.5
483,ACTIDIL,62,67,"rxnorm, fda",64.5
1210,ACETIAMINE,62,67,rxnorm,64.5
317,ESTARYLLA,40,89,fda,64.5
1197,ZACTRAN,62,67,rxnorm,64.5
485,ACTIFED,62,67,"rxnorm, fda",64.5
652,ATAPRYL,62,67,rxnorm,64.5
649,ASTRI-UC,29,100,rxnorm,64.5
1606,ACNATAC,62,67,swissmedic,64.5
974,VALSTAR,62,67,rxnorm,64.5
1528,ARTIREM,62,67,swissmedic,64.5
846,ESTRA AQ,29,100,rxnorm,64.5
454,ACID GONE ANTACID,43,86,rxnorm,64.5
418,ACTH GEL,43,86,rxnorm,64.5
416,ACT ADVANCED CARE,43,86,rxnorm,64.5
537,ALTARYL,62,67,rxnorm,64.5
468,ACNEVIR,62,67,rxnorm,64.5
1300,HECTORITE,40,89,rxnorm,64.5
472,ACTAGEN,62,67,rxnorm,64.5
709,CAPSTAR,62,67,rxnorm,64.5
1596,ATORVA PFIZER,53,75,swissmedic,64.0
1343,FACTOR IX,53,75,rxnorm,64.0
1354,ACID GREEN 50,42,86,rxnorm,64.0
417,ACT FLUORIDE RINSE,42,86,rxnorm,64.0
646,ASTHMAHALER,47,80,rxnorm,63.5
1540,ISCADOR M,27,100,swissmedic,63.5
918,LACTAID,77,50,rxnorm,63.5
407,ASTAGRAF XL,47,80,fda,63.5
1420,ACETALGIN,67,60,swissmedic,63.5
219,ABSTRAL,46,80,"fda, rxnorm, swissmedic",63.0
1273,DACLATASVIR,71,55,rxnorm,63.0
237,AZOR,40,86,"fda, rxnorm",63.0
238,SANCTURA XR,59,67,fda,63.0
1525,ARIXTRA,46,80,"swissmedic, fda, rxnorm",63.0
453,ACID GONE,40,86,rxnorm,63.0
1226,STARCH,50,75,rxnorm,62.5
93,ANSAID,50,75,"fda, rxnorm",62.5
169,ALDARA,50,75,"fda, rxnorm, swissmedic",62.5
1473,AKUTUR,50,75,swissmedic,62.5
1632,ELOCTA,50,75,swissmedic,62.5
384,ESKATA,50,75,"fda, rxnorm",62.5
178,ADVAIR HFA,50,75,fda,62.5
1575,AZARGA,50,75,swissmedic,62.5
988,URACID,50,75,rxnorm,62.5
669,ATREZA,50,75,rxnorm,62.5
674,AUSTRALIAN DREAM,45,80,rxnorm,62.5
1515,ITIRES,50,75,swissmedic,62.5
1344,FACTOR VII,50,75,rxnorm,62.5
457,ACITAK 200,50,75,rxnorm,62.5
924,ORACIT,50,75,rxnorm,62.5
967,UMECTA,50,75,rxnorm,62.5
459,ACITAK 800,50,75,rxnorm,62.5
458,ACITAK 400,50,75,rxnorm,62.5
613,APACET,50,75,rxnorm,62.5
1520,AZAREK,50,75,swissmedic,62.5
1658,ATECTURA BREEZHALER ΜG,36,89,swissmedic,62.5
522,AFTERA,50,75,rxnorm,62.5
124,ACTIGALL,57,67,"fda, rxnorm",62.0
820,ISOTRATE ER,35,89,rxnorm,62.0
911,LACTRASE,57,67,rxnorm,62.0
389,CETAPRED,57,67,"fda, rxnorm",62.0
857,PACITRON,57,67,rxnorm,62.0
297,ALTAVERA,57,67,fda,62.0
382,ACETASOL,57,67,"fda, rxnorm",62.0
1031,SANCTURA,57,67,"rxnorm, fda",62.0
43,AZATHIOPRINE,44,80,"fda, rxnorm",62.0
321,CYSTARAN,57,67,"fda, rxnorm",62.0
720,CETADERM,57,67,rxnorm,62.0
15,ACYLANID,57,67,fda,62.0
326,ACTIVASE,57,67,"fda, rxnorm",62.0
745,CYTADREN,57,67,"rxnorm, fda",62.0
225,ACTISITE,57,67,"fda, rxnorm",62.0
657,AVITEARS,57,67,rxnorm,62.0
455,ACID JELLY,38,86,rxnorm,62.0
562,ANECTINE,57,67,"rxnorm, fda",62.0
484,ACTIDOSE,57,67,rxnorm,62.0
491,ACTIVICE,57,67,rxnorm,62.0
478,ACTIBINE,57,67,rxnorm,62.0
1601,ACICUTAN,57,67,swissmedic,62.0
1456,ACTILYSE,57,67,swissmedic,62.0
441,ACCUTANE,57,67,"rxnorm, fda",62.0
901,MENACTRA,57,67,rxnorm,62.0
421,ANTIROBE,57,67,rxnorm,62.0
419,ACTH-40 HP,38,86,rxnorm,62.0
278,ESTRATAB,43,80,"fda, rxnorm",61.5
849,ESTRACYT,43,80,"rxnorm, swissmedic",61.5
1079,ACETYL ARGININE,48,75,rxnorm,61.5
648,ASTRAMORPH,50,73,rxnorm,61.5
908,LACTICARE-HC,56,67,rxnorm,61.5
98,IOSAT,36,86,"fda, rxnorm",61.0
208,BACITRACIN,62,60,"fda, rxnorm",61.0
931,OTIRX,55,67,rxnorm,61.0
767,HYCET,36,86,rxnorm,61.0
949,ULTRA TEARS,47,75,rxnorm,61.0
121,EXTRA-STRENGTH AIM,33,89,fda,61.0
402,ABAMETAPIR,62,60,"fda, rxnorm",61.0
1187,ACEMETACIN,62,60,rxnorm,61.0
603,ANTHRA-DERM,47,75,rxnorm,61.0
1121,ATAZANAVIR,62,60,"rxnorm, fda",61.0
488,ACTINEX,62,60,"rxnorm, fda",61.0
798,ISCAR,36,86,rxnorm,61.0
1346,FACTOR VIII,47,75,rxnorm,61.0
1232,ACTAEA SPICATA ROOT EXTRACT,36,86,rxnorm,61.0
1348,FACTOR XIII,47,75,rxnorm,61.0
13,ACETRIZOATE SODIUM,42,80,fda,61.0
739,INFANTAIRE,62,60,rxnorm,61.0
1345,FACTOR VIIA,47,75,rxnorm,61.0
930,OTIPRIO,46,75,"rxnorm, fda",60.5
395,ONZETRA XSAIL,32,89,fda,60.5
1157,YEAST-X INT,35,86,rxnorm,60.5
193,ASCLERA,46,75,"fda, rxnorm",60.5
661,AXID AR,46,75,"rxnorm, fda",60.5
1321,ECTOINE,46,75,rxnorm,60.5
872,ODOR EATERS,35,86,rxnorm,60.5
1061,ACETONE,46,75,rxnorm,60.5
1465,OPTIRAY,46,75,swissmedic,60.5
1208,ZADITOR,46,75,"rxnorm, fda",60.5
1033,SOTACOR,46,75,rxnorm,60.5
1524,ZALDIAR,46,75,swissmedic,60.5
1521,AMIODAR,46,75,swissmedic,60.5
1243,ACTAEA DAHURICA ROOT EXTRACT,35,86,rxnorm,60.5
1234,OYSTER SHELL CALCIUM CARBONATE PREPARATION,21,100,rxnorm,60.5
445,ACETADOTE,53,67,"rxnorm, fda",60.0
892,EXTRA STRENGTH BAYER,31,89,rxnorm,60.0
885,OLIOACTIV,53,67,rxnorm,60.0
288,OCTOCAINE,53,67,"fda, rxnorm",60.0
1505,ACTIVELLE,53,67,swissmedic,60.0
1455,BACTRIM FORTE,53,67,swissmedic,60.0
1323,OSELTAMIVIR,47,73,rxnorm,60.0
335,ACTIMMUNE,53,67,"fda, rxnorm",60.0
848,ESTRACE,31,89,"rxnorm, fda",60.0
1457,ACIMETHIN,53,67,swissmedic,60.0
1336,ESTRIOL,31,89,rxnorm,60.0
1531,EZETROL,31,89,swissmedic,60.0
1337,ESTRONE,31,89,"rxnorm, fda",60.0
1137,RECTICARE,53,67,rxnorm,60.0
1205,AZTREONAM,40,80,"rxnorm, fda",60.0
1217,AZATADINE,53,67,rxnorm,60.0
1219,CEFTIOFUR,53,67,rxnorm,60.0
1599,ALUSTAL BIRKE,53,67,swissmedic,60.0
163,ACTIVELLA,53,67,fda,60.0
1132,ACETIC ANHYDRIDE,45,75,rxnorm,60.0
1225,OCTODRINE,40,80,rxnorm,60.0
256,ACCRETROPIN,47,73,fda,60.0
1252,ALOSETRON,40,80,rxnorm,60.0
1580,HAEMOCTIN,53,67,swissmedic,60.0
1625,ADLER CALMIN,44,75,swissmedic,59.5
1349,ACID BLUE 25,33,86,rxnorm,59.5
1055,ACETANILIDE,59,60,rxnorm,59.5
1067,OYSTER ALLERGENIC EXTRACT,19,100,rxnorm,59.5
1171,ACTAEA CIMICIFUGA ROOT EXTRACT,33,86,rxnorm,59.5
1611,AZZALURE,43,75,swissmedic,59.0
1249,HETASTARCH,38,80,rxnorm,59.0
746,HEXATRIONE,38,80,rxnorm,59.0
1480,OESTRO-GYNAEDRON,18,100,swissmedic,59.0
126,OCTREOSCAN,38,80,"fda, swissmedic",59.0
1074,ACID YELLOW 1,32,86,rxnorm,59.0
359,QUZYTTIR,43,75,"fda, rxnorm",59.0
1326,ACETYL SALICYLATE,43,75,rxnorm,59.0
1297,ACID VIOLET 9,32,86,rxnorm,59.0
1239,OCTREOTIDE,38,80,rxnorm,59.0
528,AHIST ANTIHISTAMINE,32,86,rxnorm,59.0
819,ISOTRATE,29,89,rxnorm,59.0
1303,ACID BLACK 52,32,86,rxnorm,59.0
1158,YESCARTA,43,75,"rxnorm, swissmedic",59.0
1150,ESCITALOPRAM,44,73,"rxnorm, fda",58.5
514,ALTREN,50,67,rxnorm,58.5
1467,XATRAL,50,67,swissmedic,58.5
663,AXOCET,50,67,rxnorm,58.5
664,AXOTAL,50,67,"rxnorm, fda",58.5
1044,ANCROD,50,67,rxnorm,58.5
1095,OCTYL CAPRATE,42,75,rxnorm,58.5
677,AVAR,60,57,rxnorm,58.5
48,CYTARABINE,50,67,"fda, rxnorm",58.5
500,ACULAR,67,50,"rxnorm, swissmedic, fda",58.5
2,ANTIVERT,57,60,"fda, rxnorm",58.5
72,BACTRIM DS,50,67,fda,58.5
733,DACTIL,67,50,rxnorm,58.5
202,AXIRON,50,67,"fda, rxnorm",58.5
1392,ANCESTIM,57,60,rxnorm,58.5
465,ACNECLIR,57,60,rxnorm,58.5
1144,AGAR,60,57,rxnorm,58.5
404,ORBACTIV,57,60,"fda, rxnorm",58.5
1194,ALTHIAZIDE,50,67,rxnorm,58.5
617,APSTIL,50,67,rxnorm,58.5
1196,ZACLIR,67,50,rxnorm,58.5
1120,ACID BLUE 9 AMMONIUM,31,86,rxnorm,58.5
63,AMICAR,67,50,"fda, rxnorm",58.5
536,ALTAMIST,57,60,rxnorm,58.5
1107,CETIRIZINE,50,67,rxnorm,58.5
1630,AXULTA,50,67,swissmedic,58.5
565,AMLACTIN,57,60,rxnorm,58.5
975,TARA-8,50,67,rxnorm,58.5
960,TACT,60,57,rxnorm,58.5
1564,HISTA-X,31,86,swissmedic,58.5
907,MAXAIR,67,50,"rxnorm, fda",58.5
1310,OCTYL ACETATE,42,75,rxnorm,58.5
825,EXACTACAIN,62,55,rxnorm,58.5
272,ARISTOCORT A,44,73,fda,58.5
905,OXECTA,50,67,rxnorm,58.5
1555,ACEMETAX,57,60,swissmedic,58.5
1306,ACID VIOLET 43,30,86,rxnorm,58.0
1046,"OYSTER, UNSPECIFIED PREPARATION",16,100,rxnorm,58.0
637,ASPIDROX,43,73,rxnorm,58.0
757,HOMATROPAIRE,56,60,rxnorm,58.0
1287,OSTREA EDULIS SHELL PREPARATION,16,100,rxnorm,58.0
1073,STAR ANISE OIL,30,86,rxnorm,58.0
1164,CEDAR LEAF OIL,30,86,rxnorm,58.0
1325,ACID ORANGE 20,30,86,rxnorm,58.0
752,HISTERONE,27,89,rxnorm,58.0
521,AFTER-BUG,40,75,rxnorm,57.5
1281,ACTAEA RACEMOSA WHOLE EXTRACT,29,86,rxnorm,57.5
251,ASTRAMORPH PF,42,73,fda,57.5
638,ASPIR-LOW,40,75,rxnorm,57.5
639,ASPIR-MOX,40,75,rxnorm,57.5
129,HISTRELIN ACETATE,35,80,fda,57.5
968,UMECTA PD,40,75,rxnorm,57.5
660,AXID,40,75,"rxnorm, fda",57.5
1263,ACETYL CEDRENE,40,75,rxnorm,57.5
864,ESTRO-A,15,100,rxnorm,57.5
1172,STRI-DEX,29,86,rxnorm,57.5
209,ESTRADIOL ACETATE,35,80,fda,57.5
1342,ETHISTERONE,35,80,rxnorm,57.5
1024,VALCLAIR,71,44,rxnorm,57.5
1231,ABACAVIR,71,44,rxnorm,57.5
217,ANTARA (MICRONIZED),40,75,fda,57.5
381,ACETASOL HC,47,67,"fda, rxnorm",57.0
1027,THERA TEARS,47,67,rxnorm,57.0
1340,ELEXACAFTOR,47,67,rxnorm,57.0
319,THEOLAIR,57,57,"fda, rxnorm",57.0
23,ALDACTAZIDE,59,55,"fda, rxnorm",57.0
1367,BICTEGRAVIR,59,55,rxnorm,57.0
693,BACTRAMYCIN,59,55,rxnorm,57.0
1339,OMACETAXINE,59,55,rxnorm,57.0
1629,INFLECTRA,40,73,"swissmedic, rxnorm, fda",56.5
1320,ISOETHARINE,24,89,rxnorm,56.5
1111,ACETYL DECAPEPTIDE-3,38,75,rxnorm,56.5
883,EXTAVIA,46,67,"rxnorm, fda, swissmedic",56.5
936,ORASTAT,46,67,rxnorm,56.5
535,ALTAFLUOR,53,60,rxnorm,56.5
886,ENDUR-ACIN,38,75,rxnorm,56.5
811,HEARTGARD,53,60,rxnorm,56.5
549,ALIDRIN,46,67,rxnorm,56.5
1280,ASTERIAS RUBENS PREPARATION,24,89,rxnorm,56.5
1626,ADLER VITA,38,75,swissmedic,56.5
880,FLECTOR,46,67,"rxnorm, swissmedic, fda",56.5
919,LACTAID ULTRA,63,50,rxnorm,56.5
525,AGISTAM,46,67,rxnorm,56.5
518,AFSTYLA,46,67,"rxnorm, swissmedic",56.5
511,ALTOCOR,46,67,rxnorm,56.5
509,ADENOCARD,53,60,"rxnorm, fda",56.5
868,FECTRIM,46,67,rxnorm,56.5
1462,ASPIRIN,46,67,"swissmedic, rxnorm, fda",56.5
556,ARESTIN,46,67,"rxnorm, fda",56.5
515,ALTRENO,46,67,"rxnorm, fda",56.5
858,DICLOTARD,53,60,rxnorm,56.5
1152,YEAST MANNAN PREPARATION,27,86,rxnorm,56.5
1454,BACTROBAN,53,60,"swissmedic, rxnorm, fda",56.5
1466,ACCUPRO,46,67,"swissmedic, rxnorm",56.5
68,ATROPEN,46,67,"fda, rxnorm",56.5
496,ACTONEL,46,67,"rxnorm, swissmedic, fda",56.5
495,ACTIVEOXY,53,60,rxnorm,56.5
1290,IVACAFTOR,53,60,"rxnorm, fda",56.5
1156,YEAST-X EXTERNAL,27,86,rxnorm,56.5
1127,ACETYL HEXAPEPTIDE-8,38,75,rxnorm,56.5
850,OCTAGAM,46,67,"rxnorm, swissmedic",56.5
554,ALOCRIL,46,67,"rxnorm, fda",56.5
1001,URITACT,46,67,rxnorm,56.5
557,ARICEPT,46,67,"rxnorm, swissmedic, fda",56.5
758,INSTA-CHAR,38,75,rxnorm,56.5
644,ASTELIN,46,67,"rxnorm, fda",56.5
771,ISOPTO CETAMIDE,38,75,"rxnorm, fda",56.5
650,ASTRINGYN,40,73,rxnorm,56.5
1385,ELASTIN,46,67,rxnorm,56.5
1045,ANTHRALIN,53,60,rxnorm,56.5
1258,CASTOR OIL,38,75,rxnorm,56.5
759,INSTACORT,40,73,rxnorm,56.5
678,AVASTIN,46,67,"rxnorm, swissmedic, fda",56.5
682,AZILECT,46,67,"rxnorm, swissmedic, fda",56.5
1378,ALECTINIB,53,60,rxnorm,56.5
1094,STEARYL ACETATE,38,75,rxnorm,56.5
1373,ACETYL GLUTAMIC ACID,38,75,rxnorm,56.5
40,"ACETIC ACID, GLACIAL",38,75,fda,56.5
1357,ISOSTEARYL LACTATE,33,80,rxnorm,56.5
1643,ESCITAX,46,67,swissmedic,56.5
1021,SECTRAL,46,67,"rxnorm, fda",56.5
997,STATROL,46,67,"rxnorm, fda",56.5
1015,UTIBRON,46,67,"rxnorm, fda",56.5
737,CRESTOR,46,67,"rxnorm, swissmedic, fda",56.5
1013,UROXATRAL,40,73,"rxnorm, fda",56.5
1011,STIMLOR,46,67,rxnorm,56.5
998,STAVZOR,46,67,"rxnorm, fda",56.5
1224,ICTASOL,46,67,rxnorm,56.5
640,ASPIR-TRIN,38,75,rxnorm,56.5
1221,ZANTRYL,46,67,rxnorm,56.5
954,VECTRIN,46,67,rxnorm,56.5
806,HALTRAN,46,67,rxnorm,56.5
572,ANABACT,46,67,rxnorm,56.5
1092,ACYCLOVIR,53,60,"rxnorm, fda",56.5
577,AQUAZIDE H,38,75,rxnorm,56.5
1209,ZALTRAP,46,67,"rxnorm, fda, swissmedic",56.5
1214,AMITRAZ,46,67,rxnorm,56.5
940,OVACYST,46,67,rxnorm,56.5
1078,ACETYL OCTAPEPTIDE-3,38,75,rxnorm,56.5
598,ASCRIPTIN,53,60,rxnorm,56.5
605,ANTHRASIL,53,60,rxnorm,56.5
950,ULTRACARE,53,60,rxnorm,56.5
612,ANTUROL,46,67,rxnorm,56.5
1271,AVIBACTAM,53,60,rxnorm,56.5
775,ECPIRIN,46,67,rxnorm,56.5
774,ECOTRIN,46,67,rxnorm,56.5
620,ATRIPLA,46,67,"rxnorm, swissmedic, fda",56.5
621,ATROFED,46,67,rxnorm,56.5
622,ATROGEN,46,67,rxnorm,56.5
623,ATROMID,46,67,rxnorm,56.5
773,ECOSTATIN,53,60,rxnorm,56.5
794,HYDRO PAR,27,86,rxnorm,56.5
138,ACCURETIC,53,60,"fda, rxnorm, swissmedic",56.5
442,ACEPRIL,46,67,rxnorm,56.5
348,AVACLYR,46,67,fda,56.5
222,ABELCET,46,67,"fda, rxnorm",56.5
452,ACI-JEL,46,67,rxnorm,56.5
117,OCTREOTIDE ACETATE,33,80,fda,56.5
430,ADVICOR,46,67,rxnorm,56.5
282,AMITRIL,46,67,fda,56.5
1554,ITRACIM,46,67,swissmedic,56.5
1537,RIMSTAR,46,67,swissmedic,56.5
428,ADRUCIL,46,67,"rxnorm, fda",56.5
433,ALBADRY,46,67,rxnorm,56.5
434,ALBUCID,46,67,rxnorm,56.5
379,ISOPTO CETAPRED,38,75,fda,56.5
413,ACTICLATE,53,60,"fda, rxnorm",56.5
1615,ARGATRA,46,67,swissmedic,56.5
146,ACUTECT,46,67,fda,56.5
1495,AXOTIDE,46,67,swissmedic,56.5
1504,ESTALIS,46,67,swissmedic,56.5
196,APIDRA SOLOSTAR,38,75,fda,56.5
835,FACTIVE,62,50,"rxnorm, fda",56.0
654,ATAZINE,62,50,rxnorm,56.0
656,AVITA,55,57,"rxnorm, fda",56.0
141,TARKA,55,57,"fda, swissmedic, rxnorm",56.0
1426,GATINAR,62,50,swissmedic,56.0
1427,AIROL,55,57,swissmedic,56.0
31,TACARYL,62,50,"fda, rxnorm",56.0
614,APARA,55,57,rxnorm,56.0
688,BACID,55,57,rxnorm,56.0
1328,LACTATE,62,50,rxnorm,56.0
691,BACTINE,62,50,rxnorm,56.0
332,NATPARA,62,50,"fda, rxnorm",56.0
1368,ACETYL TETRAPEPTIDE-3,37,75,rxnorm,56.0
1363,ACETYL TETRAPEPTIDE-9,37,75,rxnorm,56.0
708,CINQAIR,62,50,"rxnorm, fda",56.0
714,CIPRO,55,57,"rxnorm, fda",56.0
349,RAVICTI,62,50,"fda, rxnorm",56.0
73,AZATHIOPRINE SODIUM,32,80,fda,56.0
530,AIRET,55,57,rxnorm,56.0
1116,REACT,55,57,rxnorm,56.0
191,ATNAA,55,57,fda,56.0
1586,ALUSTAL ESCHE IR,45,67,swissmedic,56.0
1585,ALUSTAL BIRKE IR,45,67,swissmedic,56.0
1086,ACETYL HEXAPEPTIDE-49,37,75,rxnorm,56.0
1029,RACIRAN,62,50,rxnorm,56.0
1096,ISOSTEARYL STEARATE,32,80,rxnorm,56.0
1102,ACETYL TETRAPEPTIDE-2,37,75,rxnorm,56.0
231,COACTIN,62,50,fda,56.0
1259,ACETYL TETRAPEPTIDE-5,37,75,rxnorm,56.0
1445,TILUR,55,57,swissmedic,56.0
1488,LITALIR,62,50,swissmedic,56.0
1170,WATER,55,57,rxnorm,56.0
1117,HAMSTER SKIN EXTRACT,23,89,rxnorm,56.0
1285,LACTASE,62,50,rxnorm,56.0
1440,OSA GEL DENTAIRE,45,67,swissmedic,56.0
1286,ISOSTEARIC DIETHANOLAMIDE,32,80,rxnorm,56.0
1108,STEARIC DIETHANOLAMIDE,36,75,rxnorm,55.5
647,ASTHMANEFRIN,44,67,rxnorm,55.5
1212,XTORO,36,75,"rxnorm, fda",55.5
1191,EAST INDIAN LEMONGRASS OIL,25,86,rxnorm,55.5
161,AZOPT,36,75,"fda, rxnorm, swissmedic",55.5
153,ESTRING,31,80,"fda, rxnorm",55.5
1387,ACETYL TETRAPEPTIDE-15,36,75,rxnorm,55.5
1216,STAR ANISE EXTRACT,25,86,rxnorm,55.5
10,ARISTOCORT,38,73,"fda, rxnorm",55.5
134,IMDUR,36,75,"fda, rxnorm",55.5
376,HYDRA-ZIDE,25,86,fda,55.5
859,EMCYT,36,75,"rxnorm, fda",55.5
1355,STAR FRUIT EXTRACT,25,86,rxnorm,55.5
1508,ANTIDRY CARE,44,67,swissmedic,55.5
283,ESTRAGUARD,38,73,fda,55.5
887,EVICT,36,75,rxnorm,55.5
891,EXTEROL,31,80,rxnorm,55.5
913,OXYTROL,31,80,"rxnorm, fda",55.5
841,ESIDRIX,31,80,"rxnorm, fda",55.5
1279,ACEGLUTAMIDE,56,55,rxnorm,55.5
821,ISOTREX,31,80,rxnorm,55.5
1278,STEARYL STEARATE,36,75,rxnorm,55.5
248,STERI-STAT,25,86,fda,55.5
790,EFFACLAR DUO,44,67,rxnorm,55.5
751,HISTA-TABS,25,86,rxnorm,55.5
1544,AXURA,36,75,swissmedic,55.5
896,ONCET,36,75,rxnorm,55.5
1316,ACETYL TETRAPEPTIDE-11,36,75,rxnorm,55.5
1443,ACETOCAUSTIN,56,55,swissmedic,55.5
582,ARCTIC BLAST,44,67,rxnorm,55.5
1411,ESIDREX,31,80,swissmedic,55.5
1416,HEXTRIL,31,80,swissmedic,55.5
1436,ASPRO,36,75,swissmedic,55.5
1406,OCTANATE,43,67,swissmedic,55.0
993,STAMARIL,43,67,"rxnorm, swissmedic",55.0
227,AFINITOR,43,67,"fda, swissmedic, rxnorm",55.0
534,ALTACITE,43,67,rxnorm,55.0
99,ACLOVATE,43,67,"fda, rxnorm",55.0
230,CEFDINIR,43,67,"fda, rxnorm",55.0
1246,OCTANEDIOL,50,60,rxnorm,55.0
747,HIBTITER,43,67,rxnorm,55.0
346,ALLZITAL,43,67,"fda, rxnorm",55.0
981,SYLATRON,43,67,"rxnorm, fda",55.0
1653,ONPATTRO,43,67,"swissmedic, rxnorm, fda",55.0
243,ABSORICA,43,67,"fda, rxnorm",55.0
957,MICTURIN,43,67,rxnorm,55.0
1448,ATROPINE,43,67,"swissmedic, fda, rxnorm",55.0
1036,TRI-KORT,43,67,rxnorm,55.0
834,DEBACTEROL,50,60,rxnorm,55.0
520,AFTER STING,35,75,rxnorm,55.0
606,ANTIHIST,43,67,rxnorm,55.0
1062,ACETYLCARNITINE,48,62,rxnorm,55.0
106,OPTIRAY 350,35,75,fda,55.0
197,ZUTRIPRO,43,67,"fda, rxnorm",55.0
715,CENTRINE,43,67,rxnorm,55.0
1356,SACUBITRIL,50,60,rxnorm,55.0
719,CETACORT,43,67,"rxnorm, fda",55.0
450,ACETOCOT,43,67,rxnorm,55.0
364,ACCRUFER,43,67,fda,55.0
1047,ISOSTEAROYL LACTYLATE,30,80,rxnorm,55.0
89,FANSIDAR,43,67,"fda, rxnorm",55.0
1038,EBASTINE,43,67,rxnorm,55.0
725,CITRUCEL,43,67,rxnorm,55.0
942,TAXOTERE,43,67,"rxnorm, fda, swissmedic",55.0
542,AMERICET,43,67,rxnorm,55.0
437,ACCOLATE,43,67,"rxnorm, fda",55.0
765,IMCIVREE,43,67,"rxnorm, fda",55.0
1433,AKTIFERRIN,50,60,swissmedic,55.0
889,ELOCTATE,43,67,rxnorm,55.0
1553,SANTURIL,43,67,swissmedic,55.0
561,ANECREAM,43,67,rxnorm,55.0
808,EQUALACTIN,50,60,rxnorm,55.0
856,DIAR-AID,43,67,rxnorm,55.0
852,OCTYCINE,43,67,rxnorm,55.0
559,ARISTADA,43,67,"rxnorm, fda",55.0
28,ANTURANE,43,67,"fda, rxnorm",55.0
1317,ACRYLAMIDE,50,60,rxnorm,55.0
576,AQUASTAN,43,67,rxnorm,55.0
795,HYDRO-PC II,24,86,rxnorm,55.0
1299,ACRYLATE,43,67,rxnorm,55.0
544,AMIDRINE,43,67,rxnorm,55.0
1066,AZADIRACHTA INDICA SEED OIL,30,80,rxnorm,55.0
932,LUNESTAR,43,67,rxnorm,55.0
1439,SOLATRAN,43,67,swissmedic,55.0
588,ARTHUR ITIS,35,75,rxnorm,55.0
552,ALLERCLEAR,50,60,rxnorm,55.0
778,HYDRACLEAR,50,60,rxnorm,55.0
1332,CITALOPRAM,50,60,rxnorm,55.0
1479,SIDROGA PASSIFLOR,35,75,swissmedic,55.0
783,HEMOCYTE-F ELIXIR,35,75,rxnorm,55.0
784,HABITROL,43,67,"rxnorm, fda",55.0
555,ANASCORP,43,67,rxnorm,55.0
1331,SOMATREM,43,67,rxnorm,55.0
902,MENOSTAR,43,67,"rxnorm, fda",55.0
1577,MYCOSTER,43,67,swissmedic,55.0
1366,TEZACAFTOR,50,60,rxnorm,55.0
1142,ANTIPYRINE,50,60,rxnorm,55.0
1141,FACTOR IX COMPLEX,35,75,rxnorm,55.0
102,OPTIRAY 320,35,75,fda,55.0
103,OPTIRAY 240,35,75,fda,55.0
1136,RECTACREME,50,60,rxnorm,55.0
616,APOCREME,43,67,rxnorm,55.0
666,AYGESTIN,43,67,"rxnorm, fda",55.0
1112,"HEXAHYDRO-4,7-METHANOINDEN-6-YL PROPIONATE",21,89,rxnorm,55.0
1195,VISTARIL,43,67,"rxnorm, fda",55.0
670,ATRIDINE,43,67,rxnorm,55.0
1126,CITRIC ACID,35,75,rxnorm,55.0
672,AURO EAR,43,67,rxnorm,55.0
1118,ACETYL COENZYME A,35,75,rxnorm,55.0
66,BACTRIM PEDIATRIC,43,67,fda,55.0
1147,AZINTAMIDE,50,60,rxnorm,55.0
1624,POSTINOR,43,67,swissmedic,55.0
1154,OCTOPAMINE,50,60,rxnorm,55.0
77,CALCITRIOL,50,60,"fda, rxnorm",55.0
1185,ADEFOVIR,43,67,rxnorm,55.0
1399,CETEARYL STEARATE,35,75,rxnorm,55.0
492,ACTIVON ARTHRITIS,43,67,rxnorm,55.0
1315,OAT BRAN,43,67,rxnorm,55.0
506,ADDAPRIN,43,67,rxnorm,55.0
1215,ANIRACETAM,50,60,rxnorm,55.0
105,OPTIRAY 300,35,75,fda,55.0
1077,ZEDOARY OIL,24,86,rxnorm,55.0
1598,ZUTECTRA,43,67,swissmedic,55.0
464,ACNECIDE,43,67,rxnorm,55.0
701,CALCITRENE,50,60,rxnorm,55.0
104,OPTIRAY 160,35,75,fda,55.0
1589,ALUSTAL -BÄUME IR,43,67,swissmedic,55.0
702,CEBATROL,43,67,rxnorm,55.0
1461,ASA-TABS,43,67,swissmedic,55.0
698,CALCIDRINE,50,60,rxnorm,55.0
800,ISO-ACETAZONE,42,67,rxnorm,54.5
1041,EASTERN YELLOW JACKET VENOM PROTEIN,20,89,rxnorm,54.5
24,HEXADROL,29,80,"fda, rxnorm",54.5
1620,ESCITALOPRAM SPIRIG HC,36,73,swissmedic,54.5
1301,ESTETROL,29,80,rxnorm,54.5
51,ESTROVIS,29,80,fda,54.5
386,ACETIC ACID W/ HYDROCORTISONE,34,75,fda,54.5
878,ELESTRIN,29,80,"rxnorm, fda",54.5
865,ESTROGEL,29,80,"rxnorm, fda",54.5
1535,ANESDERM,29,80,swissmedic,54.5
625,ATROPINE-CARE,42,67,rxnorm,54.5
301,TERRA-CORTRIL,42,67,"fda, rxnorm",54.5
1430,ESTROFEM,29,80,swissmedic,54.5
826,EXCEDRIN,29,80,rxnorm,54.5
1182,ACETIC MONOETHANOLAMIDE,34,75,rxnorm,54.5
1178,AZO-CRANBERRY,42,67,rxnorm,54.5
917,OSMITROL,29,80,rxnorm,54.5
906,OXTELLAR,29,80,rxnorm,54.5
1634,ENSTILAR,29,80,"swissmedic, rxnorm, fda",54.5
1106,OCTANOIC ACID,42,67,rxnorm,54.5
1526,ESTRADOT,29,80,swissmedic,54.5
375,OCTREOTIDE ACETATE PRESERVATIVE FREE,29,80,fda,54.5
1265,ISOSTEARYL ISOSTEARATE,29,80,rxnorm,54.5
1130,ACETYL FARNESYLCYSTEINE,34,75,rxnorm,54.5
1308,EASTERN WHITE PINE EXTRACT,19,89,rxnorm,54.0
571,ANASED,33,75,rxnorm,54.0
1057,ACETAZOLAMIDE,53,55,"rxnorm, fda",54.0
1005,TESTRO,33,75,rxnorm,54.0
19,ISOETHARINE HYDROCHLORIDE,19,89,fda,54.0
566,AMNEST,33,75,rxnorm,54.0
1251,ANASTROZOLE,35,73,"rxnorm, fda",54.0
1312,CITRUS JUICE,33,75,rxnorm,54.0
1602,UROCIT,33,75,swissmedic,54.0
234,SATRIC,33,75,fda,54.0
299,BACITRACIN ZINC,48,60,fda,54.0
1547,APIDRA,33,75,"swissmedic, fda, rxnorm",54.0
1060,ACETOHEXAMIDE,53,55,"rxnorm, fda",54.0
1616,ARTERIA-VITA,33,75,swissmedic,54.0
839,ONSIOR,33,75,rxnorm,54.0
1179,STERI-NEB IPRATROPIUM,22,86,rxnorm,54.0
86,ISOLYTE S IN PLASTIC CONTAINER,33,75,fda,54.0
1244,OCTOCRYLENE,35,73,rxnorm,54.0
578,AQUEST,33,75,rxnorm,54.0
1463,HALSET,33,75,swissmedic,54.0
1034,SOTRET,33,75,"rxnorm, fda",54.0
1628,ATOZET,33,75,swissmedic,54.0
207,EDLUAR,33,75,"fda, rxnorm",54.0
1556,ACEMETAX RETARD,48,60,swissmedic,54.0
1604,EDARBI,33,75,"swissmedic, fda, rxnorm",54.0
1140,CEDROL,33,75,rxnorm,54.0
926,OBIZUR,33,75,rxnorm,54.0
929,OTIMAR,33,75,rxnorm,54.0
1573,IXIARO,33,75,"swissmedic, rxnorm",54.0
1661,EOTRIZ,33,75,swissmedic,54.0
61,EUTRON,33,75,fda,54.0
1438,SIDROGA SCHAFGARBE,33,75,swissmedic,54.0
939,OUTGRO PAIN RELIEF,33,75,rxnorm,54.0
160,EVISTA,33,75,"fda, rxnorm, swissmedic",54.0
1054,ACETAMINOPHEN,53,55,"rxnorm, fda",54.0
946,UCERIS,33,75,"rxnorm, fda",54.0
1276,STEARIC MONOETHANOLAMIDE,33,75,rxnorm,54.0
1619,OSANIT RHUME,33,75,swissmedic,54.0
1267,"STARCH, RICE",33,75,rxnorm,54.0
877,ENDARI,33,75,"rxnorm, fda",54.0
1072,STEAROYL LACTYLATE,33,75,rxnorm,54.0
279,AMNESTROGEN,35,73,fda,54.0
111,HYTRIN,33,75,"fda, rxnorm",54.0
804,ISOCET,33,75,rxnorm,54.0
1646,FOSTER,33,75,swissmedic,54.0
95,ISOLYTE E IN PLASTIC CONTAINER,33,75,fda,54.0
1381,ALDOSTERONE,35,73,rxnorm,54.0
755,HISTRYL PEDIATRIC SPANSULE,19,89,rxnorm,54.0
380,AZOLID,33,75,fda,54.0
1386,ASIATIC ACID,33,75,rxnorm,54.0
1519,ACTIVITAL FORTE,48,60,swissmedic,54.0
634,ASERVO,33,75,rxnorm,54.0
831,DIALAR,50,57,rxnorm,53.5
1418,ASPIRIN-C,40,67,swissmedic,53.5
351,RYTARY,50,57,"fda, rxnorm",53.5
1617,SARA,40,67,swissmedic,53.5
740,HEXA-CAINE,50,57,rxnorm,53.5
1560,STRATTERA,40,67,"swissmedic, rxnorm, fda",53.5
963,VERACITI,57,50,rxnorm,53.5
1561,ISENTRESS,27,80,"swissmedic, fda, rxnorm",53.5
736,COZAAR,50,57,"rxnorm, fda",53.5
108,VASCOR,50,57,"fda, rxnorm",53.5
1419,ANTIHYRAL,40,67,swissmedic,53.5
529,AIRDUO,50,57,rxnorm,53.5
1022,SONATA,50,57,"rxnorm, fda",53.5
1245,CIDOFOVIR,40,67,"rxnorm, fda",53.5
1248,HISTAMINE,40,67,rxnorm,53.5
943,TAZTIA,50,57,rxnorm,53.5
985,VETSTARCH,40,67,rxnorm,53.5
1631,SOOLANTRA,40,67,"swissmedic, rxnorm, fda",53.5
1269,LACTOFERRIN,47,60,rxnorm,53.5
1446,OESTROGEL,27,80,"swissmedic, rxnorm",53.5
236,LETAIRIS,57,50,"fda, rxnorm",53.5
241,AZACITIDINE,47,60,"fda, rxnorm",53.5
973,NAFAZAIR,57,50,"rxnorm, fda",53.5
540,AMLACTIN AP,47,60,rxnorm,53.5
242,ORACEA,50,57,"fda, swissmedic, rxnorm",53.5
1266,"STARCH, WHEAT",32,75,rxnorm,53.5
1233,ZITA,40,67,rxnorm,53.5
74,STERILE WATER,32,75,fda,53.5
1579,YIRA,40,67,swissmedic,53.5
1125,CINITAPRIDE,47,60,rxnorm,53.5
1383,CITRIC ACID ACETATE,32,75,rxnorm,53.5
1133,ASCORBATE,40,67,rxnorm,53.5
1135,RECTACREAME,47,60,rxnorm,53.5
1149,THIRAM,50,57,rxnorm,53.5
1487,COSAAR,50,57,swissmedic,53.5
1162,NOCITA,50,57,rxnorm,53.5
1489,HUMATROPE,40,67,"swissmedic, rxnorm, fda",53.5
1184,HEATHER POLLEN EXTRACT,21,86,rxnorm,53.5
1408,A.T.,40,67,swissmedic,53.5
1401,CETRIMIDE,40,67,rxnorm,53.5
629,ATTANE,50,57,rxnorm,53.5
1115,AUSTRIAN PINE POLLEN EXTRACT,18,89,rxnorm,53.5
1374,OXETORONE,27,80,rxnorm,53.5
1228,ELDER EXTRACT,32,75,rxnorm,53.5
1644,ASS CARDIO AXAPHARM,40,67,swissmedic,53.5
724,CETROTIDE,40,67,"rxnorm, fda, swissmedic",53.5
1227,CITRUS PECTIN,32,75,rxnorm,53.5
1527,CEFAMADAR,40,67,swissmedic,53.5
1051,ALLETHRIN,40,67,rxnorm,53.5
717,CETA PLUS,40,67,rxnorm,53.5
713,CITROLITH,40,67,rxnorm,53.5
1088,ACETYLENE,40,67,rxnorm,53.5
711,CITALOPRAAM,47,60,rxnorm,53.5
1059,CIDER VINEGAR,21,86,rxnorm,53.5
1503,HELICOBACTER TEST INFAI,34,73,swissmedic,53.5
463,ACNE-CLEAR,50,57,rxnorm,53.5
41,ATROMID-S,40,67,fda,53.5
1468,CITROKEHL,40,67,swissmedic,53.5
721,CETAMIDE,57,50,"rxnorm, fda",53.5
738,INDOCID R,40,67,rxnorm,53.5
921,OSTEO BI-FLEX,21,86,rxnorm,53.5
1334,ESTRADIOL,27,80,"rxnorm, fda",53.5
115,CIDA-STAT,40,67,fda,53.5
1288,OCTYL SULFATE,32,75,rxnorm,53.5
1423,ISOKET RETARD,32,75,"swissmedic, rxnorm",53.5
866,ESTRUMATE,27,80,rxnorm,53.5
1291,CEFTAROLINE,47,60,rxnorm,53.5
1309,ISOCETANE,40,67,rxnorm,53.5
1434,INDOCID-RETARD,40,67,swissmedic,53.5
1298,ZEATIN,50,57,rxnorm,53.5
1477,ANTIDRY LOTION,40,67,swissmedic,53.5
274,VENTAIRE,57,50,fda,53.5
787,HYTAKEROL,40,67,rxnorm,53.5
277,OCTREOTIDE ACETATE (PRESERVATIVE FREE),27,80,fda,53.5
1322,HISTRELIN,27,80,rxnorm,53.5
1648,IDACIO,50,57,swissmedic,53.5
263,ADDERALL XR 5,32,75,fda,53.5
873,OESTRIFEN,27,80,rxnorm,53.5
119,PARATHAR,57,50,fda,53.5
563,ANESTACAINE,47,60,rxnorm,53.5
1324,SANDALORE,40,67,rxnorm,53.5
311,ISOETHARINE HYDROCHLORIDE S/F,17,89,fda,53.0
1004,SENTRY ANTI-DIARRHEA,31,75,rxnorm,53.0
469,ACNOTEX,46,60,rxnorm,53.0
869,OCUHIST,31,75,rxnorm,53.0
456,ACIDIC VAGINAL JELLY,31,75,rxnorm,53.0
460,ACLACIN,62,44,rxnorm,53.0
412,SIRTURO,31,75,"fda, rxnorm",53.0
898,EYETROL,31,75,rxnorm,53.0
996,STARLIX,46,60,"rxnorm, fda, swissmedic",53.0
232,ATRIDOX,46,60,"fda, rxnorm",53.0
88,YUTOPAR,31,75,"fda, rxnorm",53.0
879,EQUETRO,31,75,"rxnorm, fda",53.0
309,ARZERRA,31,75,"fda, rxnorm",53.0
1327,CITRATE,31,75,rxnorm,53.0
1098,YTTRIUM,31,75,rxnorm,53.0
1075,STYRENE,31,75,rxnorm,53.0
368,AUSTEDO,31,75,"fda, rxnorm",53.0
1071,ANISATE,31,75,rxnorm,53.0
1032,STELARA,31,75,"rxnorm, fda, swissmedic",53.0
729,CYTOSAR,31,75,rxnorm,53.0
1413,ANCOPIR,62,44,swissmedic,53.0
1218,AZITHROMYCIN,33,73,"rxnorm, fda",53.0
899,EZALLOR,31,75,rxnorm,53.0
185,ADVAIR DISKUS 250/50,31,75,fda,53.0
882,EXPECTA,46,60,rxnorm,53.0
184,ADVAIR DISKUS 100/50,31,75,fda,53.0
1460,OCTENIDERM FARBLOS,33,73,swissmedic,53.0
1371,STAR ANISE WHOLE EXTRACT,20,86,rxnorm,53.0
186,ADVAIR DISKUS 500/50,31,75,fda,53.0
1176,HEDERA HELIX TOP EXTRACT,20,86,rxnorm,53.0
1389,CEDAR ELM POLLEN EXTRACT,20,86,rxnorm,53.0
1264,ACETYL HEXAMETHYL TETRALIN,31,75,rxnorm,53.0
1380,STAR ANISE FRUIT EXTRACT,20,86,rxnorm,53.0
1146,SIDEROL,31,75,rxnorm,53.0
246,AZASITE,31,75,"fda, rxnorm",53.0
760,INSTACORT 10,33,73,rxnorm,53.0
1261,ANISOTROPINE,33,73,rxnorm,53.0
763,ENTRE-S,31,75,rxnorm,53.0
822,ISOVATE,31,75,rxnorm,53.0
1614,ESCITALOPRAM-MEPHA,33,73,swissmedic,53.0
1636,ANASTROZOL DEVATIS,33,73,swissmedic,53.0
828,EXCEDRIN PM TRIPLE ACTION,26,80,rxnorm,53.0
580,ARCAPTA,62,44,rxnorm,53.0
816,EASOTIC,31,75,rxnorm,53.0
593,ASCALIX,62,44,rxnorm,53.0
34,OSMITROL 5% IN WATER IN PLASTIC CONTAINER,26,80,fda,53.0
1435,ANCOTIL,62,44,swissmedic,53.0
1657,ESCITALOPRAM NOBEL,33,73,swissmedic,53.0
1256,AZELATE,31,75,rxnorm,53.0
1622,OCTREOTID LABATEC,26,80,swissmedic,53.0
607,ANTIHIST-1,38,67,rxnorm,52.5
1391,ICODEXTRIN,38,67,"rxnorm, fda",52.5
1651,OCTREOTID-MEPHA LA,25,80,swissmedic,52.5
1358,EASTERN SYCAMORE POLLEN EXTRACT,16,89,rxnorm,52.5
50,STERILE WATER IN PLASTIC CONTAINER,30,75,fda,52.5
1159,HEDERA HELIX LEAF EXTRACT,19,86,rxnorm,52.5
166,RAXAR,55,50,"fda, rxnorm",52.5
1189,ACETOPHENAZINE,50,55,rxnorm,52.5
1375,OXIRACETAM,50,55,rxnorm,52.5
575,ANADROL-50,38,67,"rxnorm, fda",52.5
1119,ACER NEGUNDO WOOD EXTRACT,19,86,rxnorm,52.5
829,EXCEDRIN QUICK TAB,25,80,rxnorm,52.5
1627,CETIRIZIN-MEPHA,38,67,swissmedic,52.5
1639,ASS CARDIO SPIRIG HC,38,67,swissmedic,52.5
706,CEDOCARD RETARD,38,67,rxnorm,52.5
1437,SIDROGA SCHACHTELHALM,30,75,swissmedic,52.5
1068,HELICOBACTER PYLORI,32,73,rxnorm,52.5
1459,FLECTOR EP,38,67,swissmedic,52.5
151,GASTROMARK,50,55,fda,52.5
1588,ALUSTAL HUNDEHAAR IR,38,67,swissmedic,52.5
689,BACITRAYCIN PLUS,45,60,rxnorm,52.5
818,EAZI-BREED CIDR,38,67,rxnorm,52.5
1083,STEARAMINE,38,67,rxnorm,52.5
1642,ATAZANAVIR-MEPHA,45,60,swissmedic,52.5
692,BACTRACILLIN G,50,55,rxnorm,52.5
1307,ACER SACCHARUM SAP EXTRACT,19,86,rxnorm,52.5
1138,RECTICARE WIPES,38,67,rxnorm,52.5
1591,AZITHROMYCIN PFIZER,32,73,swissmedic,52.5
1496,ACC SANDOZ,38,67,swissmedic,52.5
1414,ESCOTUSSIN,38,67,swissmedic,52.5
1053,AMIODARONE,38,67,rxnorm,52.5
1240,OMBITASVIR,50,55,rxnorm,52.5
20,ACRISORCIN,50,55,"fda, rxnorm",52.5
1609,ESCITALOPRAM SANDOZ,32,73,swissmedic,52.5
797,HYDRO-TUSSIN HG,19,86,rxnorm,52.5
1295,STEARAMIDE,38,67,rxnorm,52.5
1293,OCTYL ACRYLATE,30,75,rxnorm,52.5
785,HAIRSANITY,38,67,rxnorm,52.5
361,CYSTADROPS,50,55,"fda, swissmedic, rxnorm",52.5
991,SPECTOGARD,50,55,rxnorm,52.5
999,STAY ALERT,38,67,rxnorm,52.5
250,ERYTHRO-STATIN,30,75,fda,52.5
1568,ACEROLA HALSPASTILLEN,30,75,swissmedic,52.5
735,DAIRY EASE,38,67,rxnorm,52.5
37,OSMITROL 15% IN WATER IN PLASTIC CONTAINER,25,80,fda,52.5
1333,CITRULLINE,38,67,rxnorm,52.5
527,AGRIMECTIN,50,55,rxnorm,52.5
591,ARTROSAMIN,50,55,rxnorm,52.5
1039,OCTYL TRIAZONE,30,75,rxnorm,52.5
1223,ISOSTEARYL HYDROXYSTEARATE,25,80,rxnorm,52.5
261,ADDERALL XR 30,30,75,fda,52.5
262,ADDERALL XR 25,30,75,fda,52.5
260,ADDERALL XR 20,30,75,fda,52.5
1582,ANASTROZOLE MMPHARM,32,73,swissmedic,52.5
1042,ASCORBYL ISOSTEARATE,38,67,rxnorm,52.5
423,ATGAM,55,50,rxnorm,52.5
1037,TRI-STATIN,38,67,rxnorm,52.5
259,ADDERALL XR 10,30,75,fda,52.5
801,ISODITRATE,25,80,rxnorm,52.5
35,OSMITROL 10% IN WATER IN PLASTIC CONTAINER,25,80,fda,52.5
982,UTI RELIEF,38,67,rxnorm,52.5
36,OSMITROL 20% IN WATER IN PLASTIC CONTAINER,25,80,fda,52.5
264,ADDERALL XR 15,30,75,fda,52.5
1512,XATRAL UNO,38,67,swissmedic,52.5
539,ANDRO LA,29,75,rxnorm,52.0
1124,EASTERN OYSTER ALLERGENIC EXTRACT,15,89,rxnorm,52.0
1134,RECTACORT-HC,44,60,rxnorm,52.0
1424,ACIDUM FOLICUM STREULI,29,75,swissmedic,52.0
244,ERYCETTE,29,75,"fda, rxnorm",52.0
922,OASIS TEARS,47,57,rxnorm,52.0
112,UROCIT-K,29,75,"fda, rxnorm",52.0
840,ONZETRA,15,89,rxnorm,52.0
827,EXCEDRIN PM,24,80,rxnorm,52.0
770,ISOPTO ATROPINE,29,75,"rxnorm, fda",52.0
769,ISOPTO ALKALINE,29,75,rxnorm,52.0
1396,CITRUS LIMON FRUIT OIL,29,75,rxnorm,52.0
396,CLASCOTERONE,44,60,"fda, rxnorm",52.0
944,MASTI-CLEAR,47,57,rxnorm,52.0
945,SYMMETRY,29,75,rxnorm,52.0
1494,ENTOCORT CIR,44,60,swissmedic,52.0
1341,EASTERN COTTONWOOD POLLEN EXTRACT,15,89,rxnorm,52.0
1153,ACETALDEHYDE,44,60,rxnorm,52.0
956,TRACE METAL,47,57,rxnorm,52.0
1268,OCTYL DODECANOL,29,75,rxnorm,52.0
780,HEMOCYTE,29,75,rxnorm,52.0
1633,OBIZUR E,29,75,swissmedic,52.0
435,AEROHIST,29,75,rxnorm,52.0
900,EZIDE,18,86,rxnorm,52.0
796,HYDRO-TUSSIN EXP,18,86,rxnorm,52.0
1081,YTTRIUM BROMIDE,29,75,rxnorm,52.0
1017,UTRONA-C,29,75,rxnorm,52.0
1080,ACER SACCHARUM LEAF EXTRACT,18,86,rxnorm,52.0
316,THEOLAIR-SR,47,57,fda,52.0
18,ISOETHARINE MESYLATE,15,89,fda,52.0
370,ESTRADIOL CYPIONATE,24,80,fda,52.0
1587,ALUSTAL KATZENHAAR IR,37,67,swissmedic,52.0
526,AGRI-MECTIN,47,57,rxnorm,52.0
893,OMNICIDE,29,75,rxnorm,52.0
1369,STEARIC ACID D7,29,75,rxnorm,52.0
1450,SIDROGA THYMIAN,29,75,swissmedic,52.0
175,ESCITALOPRAM OXALATE,31,73,fda,52.0
25,"ACETIC ACID, GLACIAL; HYDROCORTISONE",29,75,fda,52.0
1304,ISOSTEARATE,24,80,rxnorm,52.0
1110,STEARATE,29,75,rxnorm,52.0
174,EXCEDRIN (MIGRAINE),24,80,fda,52.0
507,ADDERALL,29,75,rxnorm,52.0
1213,XTRA-LAX,29,75,rxnorm,52.0
1241,ACER SACCHARUM WHOLE EXTRACT,18,86,rxnorm,52.0
313,OXTELLAR XR,24,80,fda,52.0
1353,EASTERN WHITE PINE POLLEN EXTRACT,15,89,rxnorm,52.0
1469,OPTIDERM,43,60,swissmedic,51.5
1313,ACER NEGUNDO ROOT BARK EXTRACT,17,86,rxnorm,51.5
1523,ACIDUM FOLICUM HÄNSELER,28,75,swissmedic,51.5
1400,OATS PREPARATION,36,67,rxnorm,51.5
1372,ENTEROBACTER AEROGENES,36,67,rxnorm,51.5
1415,MAXITROL,43,60,"swissmedic, rxnorm, fda",51.5
1482,ATROVENT,43,60,"swissmedic, fda, rxnorm",51.5
1302,ELBASVIR,43,60,rxnorm,51.5
1350,ISOSTEARYL MYRISTATE,23,80,rxnorm,51.5
1652,ISTURISA,14,89,"swissmedic, rxnorm, fda",51.5
1566,ACTILYSE CATHFLO,36,67,swissmedic,51.5
1237,STERI-NEB SALAMOL,17,86,rxnorm,51.5
1501,OTRI HEUSCHNUPFEN MICRODOSEUR,17,86,swissmedic,51.5
1296,TAURATE,46,57,rxnorm,51.5
1613,ASS CARDIO-MEPHA,36,67,swissmedic,51.5
1597,HIZENTRA,14,89,"swissmedic, rxnorm",51.5
1242,ACER SACCHARINUM WHOLE EXTRACT,17,86,rxnorm,51.5
1621,ESCITALOPRAM AXAPHARM,30,73,swissmedic,51.5
1498,ATEDUREX,43,60,swissmedic,51.5
1641,JETREA,17,86,"swissmedic, rxnorm, fda",51.5
1647,AZACITIDIN ACCORD,43,60,swissmedic,51.5
1238,TAURINE,46,57,rxnorm,51.5
1590,CYTARABIN SANDOZ,36,67,swissmedic,51.5
1289,AXITINIB,43,60,"rxnorm, fda",51.5
1483,OCTOSTIM,43,60,swissmedic,51.5
1570,ADVAGRAF,43,60,swissmedic,51.5
1530,CETALLERG SANDOZ,36,67,swissmedic,51.5
1638,ANDROPECIA BIORGA,43,60,swissmedic,51.5
1201,STRIX,36,67,rxnorm,51.5
1270,ISOBUTYL ACETATE,36,67,rxnorm,51.5
1542,ADARTREL,43,60,swissmedic,51.5
1200,ANTACID EXTRA STRENGTH,36,67,rxnorm,51.5
832,ELOXATIN,43,60,"rxnorm, fda",51.5
109,ISOLYTE S PH 7.4 IN PLASTIC CONTAINER,28,75,fda,51.5
590,ARTRACIN,43,60,rxnorm,51.5
92,BRETHAIRE,53,50,"fda, rxnorm",51.5
584,ARTH-RX,46,57,rxnorm,51.5
579,ARCALYST,43,60,"rxnorm, fda",51.5
568,AMPITRIN,43,60,rxnorm,51.5
567,AMOXICOT,43,60,rxnorm,51.5
564,ANETHAINE,53,50,rxnorm,51.5
938,PAXIDORM,43,60,rxnorm,51.5
82,AZMACORT,43,60,"fda, rxnorm",51.5
75,"ACETIC ACID, GLACIAL; DESONIDE",28,75,fda,51.5
548,ALDOCLOR,43,60,rxnorm,51.5
965,JUXTAPID,43,60,"rxnorm, fda",51.5
532,AKNETROL,43,60,rxnorm,51.5
55,OSMITROL 5% IN WATER,23,80,fda,51.5
516,ALTRESYN,43,60,rxnorm,51.5
984,MYCINAIRE,53,50,rxnorm,51.5
513,ALTORANT,43,60,rxnorm,51.5
512,ALTOPREV,43,60,"rxnorm, fda",51.5
990,SPASTRIN,43,60,rxnorm,51.5
994,STANGARD,43,60,rxnorm,51.5
508,ADDYI,36,67,"rxnorm, fda",51.5
505,ADCORTYL,43,60,rxnorm,51.5
501,ADALAT AR,53,50,rxnorm,51.5
895,ONCASPAR,43,60,"rxnorm, fda",51.5
599,ASCRIPTIN ENTERIC,43,60,rxnorm,51.5
1010,THATZIT,46,57,rxnorm,51.5
218,LAMICTAL XR,59,44,fda,51.5
214,A/T/S,36,67,"fda, rxnorm",51.5
718,CETACAINE,53,50,rxnorm,51.5
659,AXERT,36,67,"rxnorm, fda",51.5
642,ASPIRTAB,43,60,rxnorm,51.5
762,ENTAPRIN,43,60,rxnorm,51.5
641,ASPIRCAF,43,60,rxnorm,51.5
188,ULTRACET,43,60,"fda, rxnorm",51.5
255,ACULAR LS,53,50,fda,51.5
779,HYDREA,17,86,"rxnorm, fda",51.5
177,OSELTAMIVIR PHOSPHATE,30,73,fda,51.5
635,ASPARLAS,43,60,"rxnorm, fda",51.5
168,TRELSTAR,43,60,"fda, rxnorm",51.5
817,EASY PAIN RELIEF,36,67,rxnorm,51.5
627,ATROSEPT,43,60,rxnorm,51.5
273,ESTERIFIED ESTROGENS,23,80,fda,51.5
609,ANTISEPT,43,60,rxnorm,51.5
130,ACCUPRIL,43,60,"fda, rxnorm",51.5
125,ULTRATAG,43,60,fda,51.5
1007,SATOHAP,46,57,rxnorm,51.5
451,ACETOXYL,43,60,rxnorm,51.5
431,AEROAID,46,57,rxnorm,51.5
1148,ZEMAIRA,46,57,rxnorm,51.5
422,AT 10,36,67,rxnorm,51.5
1123,STEARYL GLYCYRRHETINATE,28,75,rxnorm,51.5
392,ISATUXIMAB-IRFC,48,55,fda,51.5
1114,ISOSTEARYL PALMITATE,23,80,rxnorm,51.5
358,AFINITOR DISPERZ,36,67,fda,51.5
1173,STRI-DEX CLEAR GEL,17,86,rxnorm,51.5
1103,ACETYL DIPEPTIDE-1 CETYL ESTER,28,75,rxnorm,51.5
8,ANTRENYL,43,60,fda,51.5
1129,ARCTIUM LAPPA ROOT OIL,36,67,rxnorm,51.5
1035,TRI-K,36,67,rxnorm,51.5
1318,AMYLOPECTIN,47,55,rxnorm,51.0
1319,ALFATRADIOL,47,55,rxnorm,51.0
280,CYTOSAR-U,27,75,fda,51.0
1122,ESCHERICHIA COLI,27,75,rxnorm,51.0
844,ESOTERICA,13,89,rxnorm,51.0
131,ALTRETAMINE,47,55,"fda, rxnorm",51.0
1105,ACRIVASTINE,47,55,rxnorm,51.0
127,CONCENTRAID,47,55,fda,51.0
802,GASTRESE-LA,35,67,rxnorm,51.0
604,ANTHRAFORTE,47,55,rxnorm,51.0
1407,OSANIT DENTITION,27,75,swissmedic,51.0
812,IODROL NR,27,75,rxnorm,51.0
842,ESKALITH-CR,35,67,rxnorm,51.0
1404,HEPATECT CP,35,67,swissmedic,51.0
1409,ITINEROL B6,35,67,swissmedic,51.0
1018,SCOT-TUSSIN,35,67,rxnorm,51.0
630,ATTI PLEX P,35,67,rxnorm,51.0
1131,DIACETYLRHEIN,42,60,rxnorm,51.0
1507,CYTOSAR SOLUTION,27,75,swissmedic,51.0
1360,ACETYLATED LANOLIN,42,60,rxnorm,51.0
1377,ACER NEGUNDO INNER BARK EXTRACT,16,86,rxnorm,51.0
710,CIT CALCIUM,35,67,rxnorm,51.0
211,AZACTAM IN PLASTIC CONTAINER,35,67,fda,51.0
1660,AZITHROMYCIN SPIRIG HC,29,73,swissmedic,51.0
1352,EXAMETAZIME,47,55,rxnorm,51.0
1569,ANASTROZOL-TEVA,29,73,swissmedic,51.0
373,ACTICLATE CAP,42,60,fda,51.0
253,ATAZANAVIR SULFATE,42,60,fda,51.0
1388,SATRAPLATIN,47,55,rxnorm,51.0
753,HISTINE D,27,75,rxnorm,51.0
754,HISTINE-B,27,75,rxnorm,51.0
377,ABSORICA LD,35,67,fda,51.0
1499,SIDROGA STILLTEE,27,75,swissmedic,51.0
200,ISENTRESS HD,22,80,fda,51.0
1160,ZODRYL AC,27,75,rxnorm,51.0
884,DECALCITROL,47,55,rxnorm,51.0
1192,ACER SACCHARUM BARK-SAP EXTRACT,16,86,rxnorm,51.0
1654,OSANIT BLESSURES,27,75,swissmedic,51.0
172,ONDANSETRON,35,67,"fda, rxnorm",51.0
467,ACNEFREE SA,35,67,rxnorm,51.0
1091,ACTIVATED CHARCOAL,42,60,rxnorm,51.0
26,ORA-TESTRYL,35,67,fda,51.0
57,OSMITROL 20% IN WATER,22,80,fda,51.0
81,ACETIC ACID 0.25% IN PLASTIC CONTAINER,27,75,fda,51.0
1063,MUSTARD OIL,35,67,rxnorm,51.0
1649,ACETYLFELAN,47,55,swissmedic,51.0
1417,HEXTRIL MINT,22,80,swissmedic,51.0
1538,RIMACTAZID,62,40,swissmedic,51.0
1049,STARCH GLYCOLATE,27,75,rxnorm,51.0
533,ALAHIST D,27,75,rxnorm,51.0
1534,CETIRIZIN STREULI,35,67,swissmedic,51.0
58,OSMITROL 15% IN WATER,22,80,fda,51.0
56,OSMITROL 10% IN WATER,22,80,fda,51.0
38,OXANDRIN,29,73,"fda, rxnorm",51.0
1533,CETIRIZIN ZENTIVA,35,67,swissmedic,51.0
1229,ASTRAGALUS PREPARATION,29,73,rxnorm,51.0
989,SEMITARD MC,35,67,rxnorm,51.0
1028,ROSADERM CLEANSER,35,67,rxnorm,51.0
1026,PROCTOCARE-HC,42,60,rxnorm,51.0
466,ACNEFREE BP,35,67,rxnorm,51.0
1235,INDACATEROL,47,55,rxnorm,51.0
1539,ATROMED GEL,35,67,swissmedic,51.0
67,AZATADINE MALEATE,35,67,fda,51.0
84,ESKALITH CR,35,67,fda,51.0
296,ARICEPT ODT,35,67,fda,51.0
1090,ACRIFLAVINE,47,55,rxnorm,51.0
1089,ACLARUBICIN,47,55,rxnorm,51.0
585,ARTHRITAZIN,47,55,rxnorm,51.0
1292,ACER CAMPESTRE LEAF BUD EXTRACT,16,86,rxnorm,51.0
1431,ULTRACAIN D-S,42,60,swissmedic,51.0
1211,OCLACITINIB,47,55,rxnorm,51.0
1082,YTTRIUM FLUORIDE,27,75,rxnorm,51.0
1282,ASUNAPREVIR,47,55,rxnorm,51.0
1493,IVRACAIN,57,44,swissmedic,50.5
312,TAFINLAR,57,44,"fda, swissmedic, rxnorm",50.5
499,ACUGUARD,57,44,rxnorm,50.5
1370,STEARYL CAPRYLATE,26,75,rxnorm,50.5
699,CALCIMAR,57,44,"rxnorm, fda",50.5
1441,NOCTAMID,57,44,"swissmedic, rxnorm",50.5
1376,ISOSTEARYL ISOBUTYRATE,21,80,rxnorm,50.5
340,ANAKINRA,57,44,"fda, rxnorm",50.5
284,HEXA-BETALIN,44,57,fda,50.5
633,ARMONAIR,57,44,rxnorm,50.5
1421,RIMACTAN,57,44,swissmedic,50.5
400,TABRECTA,57,44,"fda, rxnorm, swissmedic",50.5
1506,SERACTIL,57,44,swissmedic,50.5
1458,TRACUTIL,57,44,swissmedic,50.5
1486,LAMICTAL,57,44,"swissmedic, rxnorm, fda",50.5
538,ALTAZINE,57,44,rxnorm,50.5
671,BALNETAR,57,44,rxnorm,50.5
367,ESTRADIOL; PROGESTERONE,21,80,fda,50.5
1442,SIDROGA WEISSDORN,26,75,swissmedic,50.5
1397,CEDRUS ATLANTICA BARK OIL,26,75,rxnorm,50.5
302,HYDRO-D,15,86,fda,50.5
1390,OSELTAMIVIR CARBOXYLATE,28,73,rxnorm,50.5
1453,ATENATIV,57,44,swissmedic,50.5
344,ESTRADIOL VALERATE AND DIENOGEST,21,80,fda,50.5
1425,DAKTARIN,57,44,"swissmedic, rxnorm",50.5
1451,LIPACTIN,57,44,swissmedic,50.5
1470,LACTOVIS,57,44,swissmedic,50.5
1428,PANTOGAR,57,44,swissmedic,50.5
254,ACHES-N-PAIN,44,57,fda,50.5
700,CALCITAB,57,44,rxnorm,50.5
356,LACTITOL,57,44,"fda, rxnorm",50.5
934,NATAFORT,57,44,rxnorm,50.5
807,DYNACIRC,57,44,"rxnorm, fda",50.5
916,MAXTREX,46,55,rxnorm,50.5
910,LACTOCAL,57,44,rxnorm,50.5
909,LACTINOL,57,44,rxnorm,50.5
1069,ANGOSTURA BARK EXTRACT,21,80,rxnorm,50.5
100,MOCTANIN,57,44,"fda, rxnorm",50.5
1070,HEDERA HELIX FLOWERING TWIG EXTRACT,15,86,rxnorm,50.5
1608,ESCITALOPRAM-MEPHA TEVA,28,73,swissmedic,50.5
1311,ISOSTEARETH-5,21,80,rxnorm,50.5
1084,STEARYL GLUCOSIDE,26,75,rxnorm,50.5
145,ESTRADIOL; NORETHINDRONE ACETATE,21,80,fda,50.5
154,ACARBOSE,57,44,"fda, rxnorm",50.5
1618,ESCITALOPRAM HELVEPHARM,28,73,swissmedic,50.5
927,PODACTIN,57,44,rxnorm,50.5
987,TRIACTIN,57,44,rxnorm,50.5
995,SMARTRX,46,55,rxnorm,50.5
976,TARACTAN,57,44,"rxnorm, fda",50.5
971,VIRACTIN,57,44,rxnorm,50.5
59,VIVACTIL,57,44,"fda, rxnorm",50.5
961,TACTINAL,57,44,rxnorm,50.5
955,TRAC TABS 2X,44,57,rxnorm,50.5
1003,PROMACTA,57,44,"rxnorm, fda",50.5
947,TINACTIN,57,44,rxnorm,50.5
1020,SCYTERA,15,86,rxnorm,50.5
1076,CEDRUS ATLANTICA WOOD OIL,26,75,rxnorm,50.5
1163,ACETAMIDOPROPYL TRIMONIUM,39,62,rxnorm,50.5
187,ALOSETRON HYDROCHLORIDE,21,80,fda,50.5
731,CYTRA-3,15,86,rxnorm,50.5
730,CYTRA 2,15,86,rxnorm,50.5
9,AVC,44,57,fda,50.5
732,CYTRA-K,15,86,rxnorm,50.5
1167,CITRUS SINENSIS FRUIT OIL,26,75,rxnorm,50.5
726,CLINITAR,57,44,rxnorm,50.5
764,HIST-HC,15,86,rxnorm,50.5
1364,ARCTIUM LAPPA FRUIT OIL,34,67,rxnorm,50.5
181,ESTRADIOL; NORGESTIMATE,21,80,fda,50.5
1109,STEARYL MYRISTATE,26,75,rxnorm,50.5
1199,ZILACTIN,57,44,rxnorm,50.5
1183,ZOHYDRO,15,86,rxnorm,50.5
1362,ACER PSEUDOPLATANUS POLLEN EXTRACT,15,86,rxnorm,50.5
320,AMITID,50,50,fda,50.0
355,STEGLATRO,40,60,"fda, swissmedic, rxnorm",50.0
1662,SOFTACORT,40,60,swissmedic,50.0
45,EUTHROID-1,25,75,fda,50.0
1510,HERCEPTIN,40,60,"swissmedic, fda, rxnorm",50.0
1640,TECENTRIQ,40,60,"swissmedic, rxnorm, fda",50.0
322,HYDRO-RX,14,86,fda,50.0
39,ALDACTONE,40,60,"fda, rxnorm, swissmedic",50.0
338,NUCYNTA ER,50,50,fda,50.0
323,ALPHADERM,40,60,fda,50.0
1656,MICTONORM,40,60,swissmedic,50.0
22,ACTIFED W/ CODEINE,33,67,fda,50.0
341,XOLAIR,50,50,"fda, swissmedic, rxnorm",50.0
343,AKBETA,50,50,fda,50.0
47,EUTHROID-3,25,75,fda,50.0
352,TRI-PREVIFEM,33,67,fda,50.0
336,AMTURNIDE,40,60,"fda, rxnorm",50.0
17,ALPHADROL,40,60,fda,50.0
1522,AGGRASTAT,40,60,"swissmedic, fda, rxnorm",50.0
325,ELSPAR,33,67,"fda, rxnorm",50.0
11,SUCOSTRIN,40,60,fda,50.0
353,EXENATIDE,40,60,"fda, rxnorm",50.0
331,ANTHIM,50,50,"fda, rxnorm",50.0
29,ATHROMBIN,40,60,fda,50.0
354,CYTARABINE; DAUNORUBICIN,33,67,fda,50.0
32,MUSTARGEN,40,60,"fda, rxnorm",50.0
33,ARTANE,50,50,"fda, rxnorm",50.0
27,ADDERALL 5,25,75,fda,50.0
46,EUTHROID-2,25,75,fda,50.0
220,AVANDARYL,40,60,"fda, rxnorm",50.0
52,URACIL MUSTARD,50,50,"fda, rxnorm",50.0
203,AMCILL,50,50,fda,50.0
269,RECTIV,50,50,"fda, rxnorm",50.0
1557,ANTIDRY CALM,33,67,swissmedic,50.0
167,TASMAR,50,50,"fda, rxnorm, swissmedic",50.0
171,AVAPRO,50,50,"fda, rxnorm",50.0
1594,ORALAIR IR,50,50,swissmedic,50.0
173,CAFCIT,50,50,"fda, rxnorm",50.0
1592,ARTHROLUR,40,60,swissmedic,50.0
1559,CELSENTRI,40,60,swissmedic,50.0
1562,ECALTA,50,50,swissmedic,50.0
1509,AVIRAL,50,50,swissmedic,50.0
1563,ATROPAIR STERI-NEBS .5MG,33,67,swissmedic,50.0
155,AMARYL,50,50,"fda, rxnorm, swissmedic",50.0
1584,MEPACT,50,50,swissmedic,50.0
1565,ARTISS,50,50,"swissmedic, rxnorm",50.0
1567,TARGIN,50,50,swissmedic,50.0
249,ACILAC,50,50,fda,50.0
1583,ACIDUM ARSENICOSUM LYTTA VESICATORIA COMP.,25,75,swissmedic,50.0
206,CEFTIN,50,50,"fda, rxnorm",50.0
239,APTIOM,50,50,"fda, rxnorm",50.0
235,COTRIM,50,50,"fda, rxnorm",50.0
224,CEPTAZ,50,50,"fda, rxnorm",50.0
216,ALIMTA,50,50,"fda, swissmedic, rxnorm",50.0
139,METASTRON,40,60,fda,50.0
318,DEXAIR,50,50,"fda, rxnorm",50.0
90,HEXASCRUB,40,60,fda,50.0
53,AZO GANTANOL,33,67,"fda, rxnorm",50.0
1635,EMPLICITI,40,60,"swissmedic, rxnorm, fda",50.0
310,VICTRELIS,40,60,"fda, rxnorm",50.0
1536,TELZIR,50,50,swissmedic,50.0
64,ALBUTEROL,40,60,"fda, rxnorm",50.0
71,FASTIN,50,50,"fda, rxnorm",50.0
79,ATIVAN,50,50,"fda, rxnorm",50.0
304,ABATACEPT,40,60,"fda, rxnorm",50.0
1576,ARNICA,50,50,swissmedic,50.0
87,TAVIST,50,50,"fda, rxnorm",50.0
300,ANSPOR,33,67,fda,50.0
281,ENTECAVIR,40,60,"fda, rxnorm",50.0
294,ETHRIL 500,25,75,fda,50.0
1545,TALERT,50,50,swissmedic,50.0
293,ETHRIL 250,25,75,fda,50.0
289,NYSTAFORM,40,60,fda,50.0
91,ACETOHYDROXAMIC ACID,38,62,"fda, rxnorm",50.0
287,OMACOR,50,50,fda,50.0
101,SULFATRIM,40,60,"fda, rxnorm",50.0
1551,ELOXATINE,40,60,swissmedic,50.0
1175,STRIVERDI,40,60,rxnorm,50.0
587,ARTHROPAN,40,60,rxnorm,50.0
363,TWIRLA,50,50,"fda, rxnorm",50.0
904,OXANID,33,67,rxnorm,50.0
870,OCUTRICIN,40,60,rxnorm,50.0
1305,CETEARYL GLUCOSIDE,25,75,rxnorm,50.0
875,INTROL,33,67,rxnorm,50.0
876,ENCRON,33,67,rxnorm,50.0
881,EXIREL,33,67,rxnorm,50.0
890,DURACT,50,50,rxnorm,50.0
894,OMTRYG,33,67,"rxnorm, fda",50.0
1294,CETEARYL PALMITATE,25,75,rxnorm,50.0
948,ULTRA MIDE,25,75,rxnorm,50.0
914,OYST CAL,14,86,rxnorm,50.0
925,NASADROPS,40,60,rxnorm,50.0
1284,ANISTREPLASE,33,67,rxnorm,50.0
1283,ISOSTEARETH-20,20,80,rxnorm,50.0
1277,STEARYL HEPTANOATE,25,75,rxnorm,50.0
1275,STEARETH-2,25,75,rxnorm,50.0
855,FLORASTOR,40,60,rxnorm,50.0
854,OCTYCINE-250,33,67,rxnorm,50.0
776,ED CHLOR TAN,33,67,rxnorm,50.0
1335,ESTRAMUSTINE,33,67,rxnorm,50.0
781,HEMOCYTE-C,25,75,rxnorm,50.0
782,HEMOCYTE-F,25,75,rxnorm,50.0
1330,OXATOMIDE,40,60,rxnorm,50.0
1329,INDINAVIR,40,60,rxnorm,50.0
791,HYDRO 35,14,86,rxnorm,50.0
792,HYDRO 40,14,86,rxnorm,50.0
793,HYDRO GP,14,86,rxnorm,50.0
814,HEARTGARD PLUS,40,60,rxnorm,50.0
824,IVAREST MAXIMUM STRENGTH,33,67,rxnorm,50.0
1,HYDELTRA-TBA,33,67,fda,50.0
853,OCTYCINE-100,33,67,rxnorm,50.0
1274,XAMOTEROL,40,60,rxnorm,50.0
1272,STEARETH-4,25,75,rxnorm,50.0
371,ASBRON,33,67,fda,50.0
1222,ZARTAN,50,50,rxnorm,50.0
1052,ALMITRINE,40,60,rxnorm,50.0
1220,ASPARTAME,40,60,rxnorm,50.0
1104,CASTOR FIBER SCENT GLAND SECRETION,25,75,rxnorm,50.0
1113,ILOMASTAT,40,60,rxnorm,50.0
1151,ALISKIREN,40,60,rxnorm,50.0
1161,ZODRYL DAC,25,75,rxnorm,50.0
1166,HYDRO PC,14,86,rxnorm,50.0
1168,URACIL,50,50,rxnorm,50.0
1181,ANISACRIL,40,60,rxnorm,50.0
1048,STEAROYL GLUTAMATE,25,75,rxnorm,50.0
1043,AMSACRINE,40,60,rxnorm,50.0
1040,ISOSTEARYL NEOPENTANOATE,20,80,rxnorm,50.0
1262,ASCORBYL LACTOSIDE,33,67,rxnorm,50.0
972,NACTON,50,50,rxnorm,50.0
1257,AVOTERMIN,40,60,rxnorm,50.0
979,TARSUM,50,50,rxnorm,50.0
1255,ADRAFINIL,40,60,rxnorm,50.0
1254,ASPARTATE,40,60,rxnorm,50.0
1253,ARDEPARIN,40,60,rxnorm,50.0
1250,LACTARIUS INDIGO WHOLE EXTRACT,33,67,rxnorm,50.0
1230,ACEPROMETAZINE,50,50,rxnorm,50.0
772,ISOPTO HOMATROPINE,25,75,rxnorm,50.0
1338,ARSENITE ION,33,67,rxnorm,50.0
768,ISOMIDE CR,25,75,rxnorm,50.0
519,AFTATE,50,50,rxnorm,50.0
523,AFTERPILL,40,60,rxnorm,50.0
1452,TALCID,50,50,swissmedic,50.0
531,AIRMIT,50,50,rxnorm,50.0
1449,ATROPINE SDU FAURE,33,67,swissmedic,50.0
750,HIST-PSE,14,86,rxnorm,50.0
551,ALLANDERM,40,60,rxnorm,50.0
558,ARICIN,50,50,rxnorm,50.0
570,AMYTAL,50,50,rxnorm,50.0
1432,ULTRACAIN D-S FORTE,40,60,swissmedic,50.0
573,ANABAR,50,50,rxnorm,50.0
574,ANACIN,50,50,rxnorm,50.0
502,ADAPIN,50,50,rxnorm,50.0
1464,ATENIL,50,50,swissmedic,50.0
1471,KLACID,50,50,swissmedic,50.0
1472,PANZYTRAT,40,60,swissmedic,50.0
378,OXYCET,33,67,fda,50.0
401,ADRENALIN,40,60,"fda, rxnorm",50.0
409,AVYCAZ,50,50,"fda, rxnorm",50.0
1484,TRABAR,50,50,swissmedic,50.0
1481,HYTRIN BPH,25,75,swissmedic,50.0
425,ABECMA,50,50,rxnorm,50.0
1476,ANTIDRY BATH,33,67,swissmedic,50.0
1475,ANTIDRY WASH,33,67,swissmedic,50.0
1474,DANCOR,50,50,swissmedic,50.0
586,ARTHRITEN,40,60,rxnorm,50.0
1174,STRIFON FORT,33,67,rxnorm,50.0
1382,ANDROSTERONE,33,67,rxnorm,50.0
687,AZTEC GOLD,25,75,rxnorm,50.0
696,CALCET,50,50,rxnorm,50.0
697,CALCID,50,50,rxnorm,50.0
704,CALTRO,50,50,rxnorm,50.0
1365,STEARETH-7,25,75,rxnorm,50.0
1361,STEARETH-3,25,75,rxnorm,50.0
712,CITRA PH,14,86,rxnorm,50.0
734,DAIRY DIGEST,33,67,rxnorm,50.0
665,AXSAIN,50,50,rxnorm,50.0
1384,PECTIN,50,50,rxnorm,50.0
608,ANTISEDAN,40,60,rxnorm,50.0
626,ATROPISOL,40,60,rxnorm,50.0
1402,ALEFACEPT,40,60,rxnorm,50.0
631,ARISTOPAK,40,60,rxnorm,50.0
636,ASPER-FLEX,25,75,rxnorm,50.0
1395,CITRUS AURANTIUM FRUIT OIL,25,75,rxnorm,50.0
1394,CITRUS SINENSIS FLOWER OIL,25,75,rxnorm,50.0
1393,CITRUS RETICULATA LEAF OIL,25,75,rxnorm,50.0
651,ATAMET,50,50,rxnorm,50.0
1663,YANTIL,50,50,swissmedic,50.0
