526,THEREVAC,80,86,rxnorm,83.0
463,THREDA,77,67,rxnorm,72.0
517,THERA-SAL,75,80,rxnorm,77.5
525,THERASTAT,75,75,rxnorm,75.0
464,THREOSTAT,75,75,rxnorm,75.0
521,THERATEARS,71,75,rxnorm,73.0
448,ULTRESA,71,75,rxnorm,73.0
509,TRESIBA,71,86,"rxnorm, fda",78.5
702,THIMEROSAL,71,75,rxnorm,73.0
513,THERA-D,71,80,rxnorm,75.5
836,SERESTA,71,57,swissmedic,64.0
1085,TERROSA,71,100,swissmedic,85.5
512,THERA TEARS,67,80,rxnorm,73.5
515,THERA-GESIC,67,80,rxnorm,73.5
518,THERACYS,67,86,rxnorm,76.5
26,TREST,67,86,fda,76.5
146,TETREX,62,75,"fda, rxnorm",68.5
956,ITIRES,62,86,swissmedic,74.0
529,THEROXIDE,62,75,rxnorm,68.5
237,ATREZA,62,86,rxnorm,74.0
661,THERACRAN,62,75,rxnorm,68.5
393,THYROSAFE,62,86,"rxnorm, fda",74.0
527,THEREVAC PLUS,60,86,rxnorm,73.0
528,THERMAZENE,59,75,"rxnorm, fda",67.0
485,TERSI FOAM,59,100,rxnorm,79.5
523,THERAMYCIN,59,75,rxnorm,67.0
479,TERONAC,57,86,rxnorm,71.5
511,TREXIMA,57,75,rxnorm,66.0
510,TREXALL,57,75,"rxnorm, fda",66.0
266,GASTRESE-LA,56,75,rxnorm,65.5
522,THERAFREEZE,56,75,rxnorm,65.5
406,TEARS AGAIN,56,100,rxnorm,78.0
160,TORA,55,80,fda,67.5
508,TRIOSTAT,53,75,"rxnorm, fda",64.0
348,PHOTREXA,53,75,"rxnorm, fda",64.0
414,TECARTUS,53,75,rxnorm,64.0
257,DERMASAV,53,75,rxnorm,64.0
454,KATERZIA,53,86,"rxnorm, fda",69.5
405,TEARISOL,53,86,rxnorm,69.5
424,TABRECTA,53,75,"rxnorm, fda",64.0
496,TRICOSAL,53,75,rxnorm,64.0
294,ISTURISA,53,75,"rxnorm, fda",64.0
298,DIURESAL,53,86,"rxnorm, swissmedic",69.5
125,TETRACYN,53,75,fda,64.0
514,THERA-FLUR-N,53,80,rxnorm,66.5
136,MYTREX A,53,75,fda,64.0
8,HETRAZAN,53,75,fda,64.0
149,ZORTRESS,53,75,"fda, rxnorm",64.0
826,TETRAVAC,53,75,swissmedic,64.0
227,DUTREBIS,53,75,fda,64.0
235,AVITEARS,53,75,rxnorm,64.0
238,BIOTHRAX,53,75,rxnorm,64.0
534,TERA GEL,53,80,rxnorm,66.5
239,CATAPRES,53,75,"rxnorm, fda",64.0
440,TUBERSOL,53,75,rxnorm,64.0
516,THERA-GESIC PLUS,52,80,rxnorm,66.0
214,TRAZIMERA,50,75,"fda, rxnorm",62.5
303,PITRESSIN,50,75,rxnorm,62.5
170,TRI-ESTARYLLA,50,80,fda,65.0
158,MITHRACIN,50,75,"fda, rxnorm",62.5
256,DERMASANA,50,75,rxnorm,62.5
83,TERAZOL 7,50,86,"fda, rxnorm",68.0
255,HYPOTEARS,50,75,rxnorm,62.5
134,TRIESENCE,50,75,"fda, rxnorm",62.5
489,TRIAZ,50,100,rxnorm,75.0
481,TERRA-VET,50,80,rxnorm,65.0
499,TRIHEXANE,50,75,rxnorm,62.5
492,TETRAVISC,50,75,rxnorm,62.5
530,TENORETIC,50,75,"rxnorm, swissmedic",62.5
491,TETRASINE,50,75,rxnorm,62.5
536,TERAZOL 3,50,86,"rxnorm, fda",68.0
550,TRI-NASAL,50,80,rxnorm,65.0
505,TRILISATE,50,75,rxnorm,62.5
637,TREHALOSE,50,86,rxnorm,68.0
712,TERAZOSIN,50,75,rxnorm,62.5
827,NEUTROSES,50,75,swissmedic,62.5
973,TRUE TEST,50,80,swissmedic,65.0
501,VETERIBAC,50,75,rxnorm,62.5
544,TRI-HEART PLUS,48,80,rxnorm,64.0
381,NATURE'S TEARS,48,86,rxnorm,67.0
292,DERMASARRA,47,75,rxnorm,61.0
556,TRI-STATIN,47,80,rxnorm,63.5
130,TERRAMYCIN,47,75,"fda, rxnorm",61.0
117,THYRO-TABS,47,80,"fda, rxnorm",63.5
828,CATARROSAN,47,75,swissmedic,61.0
770,TERIZIDONE,47,75,rxnorm,61.0
535,TERAZOISIN,47,75,rxnorm,61.0
538,TERAZOOSIN,47,75,rxnorm,61.0
234,ATARAX,46,75,"rxnorm, swissmedic, fda",60.5
124,TOBREX,46,75,"fda, swissmedic, rxnorm",60.5
455,MYTREX,46,75,rxnorm,60.5
456,TARA-8,46,80,rxnorm,63.0
439,TRYSUL,46,86,"rxnorm, fda",66.0
460,TARSUM,46,86,rxnorm,66.0
395,THYROX,46,86,rxnorm,66.0
701,VITRAX,46,75,rxnorm,60.5
226,TREZIX,46,75,"fda, rxnorm",60.5
604,TRAXAM,46,75,rxnorm,60.5
1039,TRESIBA PENFILL,45,86,swissmedic,65.5
725,TREHALULOSE,44,75,rxnorm,59.5
418,TRACE METAL,44,100,rxnorm,72.0
108,TAZORAC,43,86,"fda, rxnorm",64.5
545,TRI-HYDROSERPINE,43,80,rxnorm,61.5
152,BUTRANS,43,75,"fda, rxnorm",59.0
422,TUSS AX,43,80,rxnorm,61.5
156,ESTRACE,43,75,"fda, rxnorm",59.0
679,AMITRAZ,43,75,rxnorm,59.0
493,TETROXY,43,75,rxnorm,59.0
338,DENOREX,43,75,rxnorm,59.0
997,ITRACIM,43,75,swissmedic,59.0
461,METOROS,43,86,rxnorm,64.5
163,TARCEVA,43,86,"fda, rxnorm",64.5
430,TRUSOPT,43,75,"rxnorm, swissmedic, fda",59.0
935,TRIALIX,43,75,swissmedic,59.0
311,DURASAL,43,86,rxnorm,64.5
650,TRYPSIN,43,75,rxnorm,59.0
698,TURMERIC EXTRACT,43,75,rxnorm,59.0
190,TUDORZA PRESSAIR,43,86,fda,64.5
215,TRUXIMA,43,75,"fda, rxnorm",59.0
966,YTRACIS,43,75,swissmedic,59.0
402,TUDORZA,43,86,rxnorm,64.5
472,TRIVISC,43,86,rxnorm,64.5
297,DIUPRES,43,86,rxnorm,64.5
23,TRICLOS,43,75,fda,59.0
1009,ITRAZOL,43,75,swissmedic,59.0
829,HEDERIX,43,75,swissmedic,59.0
398,TROXYCA,43,75,rxnorm,59.0
178,TRI-LO-ESTARYLLA,43,80,fda,61.5
851,DER-MED,43,80,swissmedic,61.5
299,DIURESE,43,100,rxnorm,71.5
929,DEROXAT,43,75,swissmedic,59.0
56,TENORETIC 50,42,75,fda,58.5
10,PITRESSIN TANNATE,42,75,fda,58.5
339,DENOREX DRY SCALP,42,75,rxnorm,58.5
579,THERMUS THERMOPHILUS LYSATE,41,86,rxnorm,63.5
728,TRIBULUS,40,75,rxnorm,57.5
247,DALIRESP,40,75,"rxnorm, fda",57.5
457,TARACTAN,40,75,"rxnorm, fda",57.5
261,DERMAZOR,40,75,rxnorm,57.5
258,DERMASIL,40,75,rxnorm,57.5
449,TAGRISSO,40,86,"rxnorm, fda",63.0
470,TRIVARIS,40,75,"rxnorm, fda",57.5
42,DURANEST,40,75,"fda, rxnorm",57.5
233,ADCETRIS,40,75,"rxnorm, swissmedic, fda",57.5
221,TROGARZO,40,75,"fda, rxnorm",57.5
218,AZSTARYS,40,75,fda,57.5
217,TRIFERIC AVNU,40,75,fda,57.5
478,TRIACTIN,40,75,rxnorm,57.5
453,MITRAZOL,40,75,rxnorm,57.5
1016,TRACLEER,40,75,"swissmedic, rxnorm, fda",57.5
441,TUSSIREX,40,75,rxnorm,57.5
654,STRESS LIQUID,40,86,rxnorm,63.0
396,TAC,40,80,rxnorm,60.0
1011,ATORSAN 20 MG,40,75,swissmedic,57.5
592,TRASICOR,40,75,"rxnorm, fda",57.5
1012,ATORSAN 40 MG,40,75,swissmedic,57.5
594,TRASYLOL,40,75,"rxnorm, fda, swissmedic",57.5
606,THREE-LOBE SAGE EXTRACT,40,80,rxnorm,60.0
618,THERMUS THERMOPHILUS EXTRACT,40,86,rxnorm,63.0
349,EUTHYROX,40,75,"rxnorm, fda",57.5
346,DORALESE,40,86,rxnorm,63.0
413,TEARS RENEWED,40,100,rxnorm,70.0
1013,ATORSAN 80 MG,40,75,swissmedic,57.5
420,TRACRIUM,40,75,"rxnorm, fda, swissmedic",57.5
426,TIROSINT,40,75,"rxnorm, fda",57.5
319,NITRADOS,40,75,rxnorm,57.5
557,TRI-SUDO,40,80,rxnorm,60.0
689,TROSPIUM,40,75,rxnorm,57.5
312,DURATEST,40,75,rxnorm,57.5
480,TERRA-CORTRIL,40,80,"rxnorm, fda",60.0
433,TITRALAC,40,75,rxnorm,57.5
301,DOCEFREZ,40,75,"rxnorm, fda",57.5
437,LETAIRIS,40,86,"rxnorm, fda",63.0
293,DERMACIN,40,75,rxnorm,57.5
548,TRI-LUMA,40,80,"rxnorm, fda",60.0
1010,ATORSAN 10 MG,40,75,swissmedic,57.5
937,DERMASEL,40,75,swissmedic,57.5
963,TRETINAC 5 MG,40,75,swissmedic,57.5
498,TRIFERIC,40,75,"rxnorm, fda",57.5
938,TERZOLIN,40,75,swissmedic,57.5
55,TENORETIC 100,40,75,fda,57.5
155,TRI-LEGEST FE,40,80,fda,60.0
931,BETASERC,40,75,swissmedic,57.5
183,TRI-LEGEST 21,40,80,fda,60.0
926,TORA-DOL,40,80,swissmedic,60.0
135,MYTREX F,40,75,fda,57.5
483,TERRAMYCIN IM,40,75,rxnorm,57.5
211,TRIACIN-C,38,86,fda,62.0
2,THORAZINE,38,86,"fda, rxnorm",62.0
306,DURAGESIC,38,75,rxnorm,56.5
51,CATAPRES-TTS-3,38,75,fda,56.5
543,TRI-CHLOR,38,80,rxnorm,59.0
177,PORTRAZZA,38,75,"fda, rxnorm",56.5
961,TRETINAC 10 MG,38,75,swissmedic,56.5
337,NITRODISC,38,75,rxnorm,56.5
617,RICE BRAN,38,80,rxnorm,59.0
967,DROSSAFOL,38,75,swissmedic,56.5
390,TOTARETIC,38,75,rxnorm,56.5
589,MEDRYSONE,38,75,"rxnorm, fda",56.5
964,VISCOTEARS SDU,38,75,swissmedic,56.5
370,NATURES REMEDY,38,86,rxnorm,62.0
410,TEARS NATURALE,38,100,"rxnorm, swissmedic",69.0
649,TRIAZOLAM,38,75,"rxnorm, fda",56.5
630,TIPIRACIL,38,75,rxnorm,56.5
635,TISSUE RESPIRATORY FACTOR,38,80,rxnorm,59.0
962,TRETINAC 20 MG,38,75,swissmedic,56.5
500,TRIHEXY-2,38,86,rxnorm,62.0
342,DENOREX THERAPEUTIC,38,75,rxnorm,56.5
713,TORSEMIDE,38,75,"rxnorm, fda",56.5
519,THERASEAL HAND PROTECTION,38,86,rxnorm,62.0
260,DERMAZOLE,38,75,rxnorm,56.5
981,NEOTRACIN,38,75,swissmedic,56.5
477,TRIACIN C,38,86,rxnorm,62.0
849,TENORETIC MITE,38,75,swissmedic,56.5
783,TIRILAZAD,38,75,rxnorm,56.5
835,DROSINULA,38,75,swissmedic,56.5
466,TRIPOHIST,38,75,rxnorm,56.5
778,KETOROLAC,38,75,rxnorm,56.5
837,DORMEASAN,38,75,swissmedic,56.5
50,CATAPRES-TTS-2,38,75,fda,56.5
49,CATAPRES-TTS-1,38,75,fda,56.5
259,DERMAZENE,38,75,rxnorm,56.5
786,IODOPHORS,38,75,rxnorm,56.5
244,CARTERS LITTLE PILLS,37,75,rxnorm,56.0
1023,CANTHARIS COMP.,36,75,swissmedic,55.5
425,TACE,36,80,"rxnorm, fda",58.0
1036,LETROZOL SANDOZ,36,75,swissmedic,55.5
407,TEARS AGAIN EYE DROPS,36,100,rxnorm,68.0
593,TRASICOR RETARD,36,75,rxnorm,55.5
796,STEARIC ACID D7,36,86,rxnorm,61.0
1008,CETIRIZIN STADA,36,75,swissmedic,55.5
723,TRIDECYL TRIMELLITATE,36,75,rxnorm,55.5
898,DR. RECKEWEG R 51 THYREOSAN,35,80,swissmedic,57.5
558,TRI-VI-SOL,35,80,rxnorm,57.5
1086,TRAZIMERA 150 MG,35,75,swissmedic,55.0
732,ASTERIAS RUBENS PREPARATION,35,75,rxnorm,55.0
487,RES-Q-DENT,35,80,rxnorm,57.5
236,ATRAC-TAIN,35,86,rxnorm,60.5
263,HYDRASYN25,35,75,rxnorm,55.0
1087,TRAZIMERA 440 MG,35,75,swissmedic,55.0
228,TROXYCA ER,35,75,fda,55.0
834,TRAUMANASE FORTE,35,75,swissmedic,55.0
389,TORPHAJECT,35,75,rxnorm,55.0
588,TRIBULUS TERRESTRIS EXTRACT,35,75,rxnorm,55.0
541,TRI LEVLEN,35,80,rxnorm,57.5
286,DR. SMITH'S RASH-N-ALL,34,80,rxnorm,57.0
52,THYRO-BLOCK,33,80,fda,56.5
394,THYROSHIELD,33,75,"rxnorm, fda",54.0
674,STRIX,33,75,rxnorm,54.0
773,TRIDECYL STEARATE,33,75,rxnorm,54.0
495,RAYOS,33,80,"rxnorm, fda",56.5
412,TEARS NATURALE PM,33,100,rxnorm,66.5
467,TRIPOHIST D,33,75,rxnorm,54.0
638,NITRIC ACID,33,86,rxnorm,59.5
959,TRACLEER 62,33,75,swissmedic,54.0
524,THERAPEUTIC BRAND OF COAL TAR,33,75,rxnorm,54.0
595,TRAVASOL 10,33,75,rxnorm,54.0
619,CITRIC ACID,33,86,rxnorm,59.5
378,OTIRX,33,75,rxnorm,54.0
655,STRESS MAXIMUM STRENGTH,33,86,rxnorm,59.5
16,DIUPRES-500,33,86,fda,59.5
546,TRI-K,33,80,rxnorm,56.5
533,RASH RELIEF CLEAR,33,80,rxnorm,56.5
950,EUTHYROX 75,33,75,swissmedic,54.0
15,DIUPRES-250,33,86,fda,59.5
540,TRI BIOZENE,33,80,rxnorm,56.5
284,DR. SMITH'S DIAPER RASH,33,80,rxnorm,56.5
949,EUTHYROX 50,33,75,swissmedic,54.0
690,ROSE BENGAL,33,80,rxnorm,56.5
948,EUTHYROX 25,33,75,swissmedic,54.0
1033,TRIESENCE 40 MG/ML,32,75,swissmedic,53.5
598,TRAVASOL 3.5,32,75,rxnorm,53.5
612,STYRAX TONKINENSIS RESIN,32,75,rxnorm,53.5
952,EUTHYROX 125,32,75,swissmedic,53.5
408,TEARS AGAIN MC EYE DROPS,32,100,rxnorm,66.0
91,DURAGESIC-12,32,75,fda,53.5
92,DURAGESIC-37,32,75,fda,53.5
965,HEDERIX MONO,32,75,swissmedic,53.5
832,TRUXAL 15 MG,32,75,swissmedic,53.5
833,TRUXAL 50 MG,32,75,swissmedic,53.5
191,TRI-PREVIFEM,32,80,fda,56.0
40,THIORIDAZINE,32,75,"fda, rxnorm",53.5
706,CITRUS BERGAMIA LEAF OIL,32,86,rxnorm,59.0
222,TIROSINT-SOL,32,75,fda,53.5
45,TRIAMINIC-12,32,75,fda,53.5
684,TURMERIC OIL,32,75,rxnorm,53.5
417,TRAC TABS 2X,32,100,rxnorm,66.0
67,TRIPHASIL-28,32,75,fda,53.5
68,TRIPHASIL-21,32,75,fda,53.5
90,DURAGESIC-25,32,75,fda,53.5
325,DIARRHEA AND CRAMP,32,80,rxnorm,56.0
88,DURAGESIC-75,32,75,fda,53.5
951,EUTHYROX 100,32,75,swissmedic,53.5
573,ROSE PETAL EXTRACT,32,80,rxnorm,56.0
955,EUTHYROX 200,32,75,swissmedic,53.5
89,DURAGESIC-50,32,75,fda,53.5
253,DAIRY DIGEST,32,80,rxnorm,56.0
953,EUTHYROX 150,32,75,swissmedic,53.5
954,EUTHYROX 175,32,75,swissmedic,53.5
20,DROXIA,31,86,"fda, rxnorm",58.5
54,TURGEX,31,75,fda,53.0
382,MEDROX,31,75,rxnorm,53.0
720,TRIDECYL SALICYLATE,31,75,rxnorm,53.0
1032,LETROZOL HELVEPHARM,31,75,swissmedic,53.0
387,MATRIX,31,75,rxnorm,53.0
122,TRIMOX,31,75,"fda, rxnorm",53.0
578,TRIBULUS TERRESTRIS ROOT EXTRACT,31,75,rxnorm,53.0
397,LATRIX,31,75,rxnorm,53.0
726,TRIS-BHT MESITYLENE,31,100,rxnorm,65.5
310,DURANEST WITH EPINEPHRINE,31,75,rxnorm,53.0
112,TRITEC,31,86,"fda, rxnorm",58.5
682,LATHYRUS ODORATUS FLOWER EXTRACT,31,86,rxnorm,58.5
12,DIDREX,31,75,"fda, rxnorm",53.0
305,DEBROX,31,75,rxnorm,53.0
179,TRYMEX,31,75,fda,53.0
369,DRYSOL,31,86,rxnorm,58.5
923,VISCOTEARS TROPFGEL,31,75,swissmedic,53.0
295,DRYVAX,31,75,rxnorm,53.0
181,DAYSEE,31,80,fda,55.5
358,DARPAZ,31,86,rxnorm,58.5
285,DR. SMITH'S RASH AND SKIN,31,80,rxnorm,55.5
603,TRAVASOL 8.5 ELECTROLYTES,31,75,rxnorm,53.0
475,TARSUM REFORMULATED,31,86,rxnorm,58.5
141,SATRIC,31,86,fda,58.5
411,TEARS NATURALE FORTE,30,100,rxnorm,65.0
450,TITRALAC PLUS,30,75,rxnorm,52.5
409,TEARS AGAIN OINTMENT,30,100,rxnorm,65.0
570,RHUS TOXICODENDRON EXTRACT,30,80,rxnorm,55.0
59,TRACRIUM PRESERVATIVE FREE,30,75,fda,52.5
552,TRI-OTIC FOR CANINES,30,80,rxnorm,55.0
504,VETRIMEC PLUS,30,75,rxnorm,52.5
275,HYDROXY-COBAL,30,75,rxnorm,52.5
808,CITRUS LIMON WHOLE EXTRACT,30,86,rxnorm,58.0
982,TARCEVA 25 MG,30,86,swissmedic,58.0
17,THIORIDAZINE HYDROCHLORIDE,30,75,fda,52.5
692,TRIBULUS TERRESTRIS FRUIT EXTRACT,30,75,rxnorm,52.5
87,DURAGESIC-100,30,75,fda,52.5
167,TERRAMYCIN-POLYMYXIN,30,75,fda,52.5
782,CHONDRUS PREPARATION,30,75,rxnorm,52.5
645,RICE BRAN OIL,30,80,rxnorm,55.0
711,TARTARIC ACID,30,75,rxnorm,52.5
628,CANTHARIS VESICATORIA PREPARATION,30,75,rxnorm,52.5
596,TRAVASOL 2.75,30,75,rxnorm,52.5
1041,TRESIBA FLEXTOUCH 200 E/ML,30,86,swissmedic,58.0
375,PETTRUST PLUS,30,75,rxnorm,52.5
1040,TRESIBA FLEXTOUCH 100 E/ML,30,86,swissmedic,58.0
883,DR. RECKEWEG R 36 CHORESAN,30,80,swissmedic,55.0
225,SYNDROS,29,75,"fda, rxnorm",52.0
838,BETASERC  8 MG,29,75,swissmedic,52.0
520,ROTARIX,29,75,rxnorm,52.0
476,TRIACET,29,86,"rxnorm, fda",57.5
11,DRISDOL,29,75,"fda, rxnorm",52.0
240,BOUDREAUXS BUTT PASTE,29,75,rxnorm,52.0
797,CITRUS NOBILIS WHOLE EXTRACT,29,86,rxnorm,57.5
1069,TRUBERZI 75 MG,29,75,swissmedic,52.0
471,TRIVASE,29,86,rxnorm,57.5
794,TREHALOSE ISOSTEARATE ESTERS,29,86,rxnorm,57.5
785,GASTRIC MUCINS,29,75,rxnorm,52.0
251,DORIBAX,29,75,"rxnorm, fda",52.0
1063,TRAZODONE RETARD VIFOR 150MG,29,75,swissmedic,52.0
742,CITRUS MEDICA FRUIT EXTRACT,29,86,rxnorm,57.5
839,BETASERC 16 MG,29,75,swissmedic,52.0
992,TIROSINT 88 UG,29,75,swissmedic,52.0
840,BETASERC 24 MG,29,75,swissmedic,52.0
210,DURYSTA,29,86,"fda, rxnorm",57.5
128,VITRASE,29,86,"fda, rxnorm",57.5
132,DUREZOL,29,86,"fda, rxnorm",57.5
143,TORISEL,29,86,"fda, rxnorm, swissmedic",57.5
171,DURLAZA,29,86,"fda, rxnorm",57.5
925,TORA-DOL 30 MG,29,80,swissmedic,54.5
924,TORA-DOL 10 MG,29,80,swissmedic,54.5
983,TARCEVA 100 MG,29,86,swissmedic,57.5
984,TARCEVA 150 MG,29,86,swissmedic,57.5
490,TRIBIOTIC PLUS,29,75,rxnorm,52.0
1024,ROSA AETHEROLEUM/SILICEA COLLOIDALIS COMP.,29,80,swissmedic,54.5
488,RESI KETOCHLOR,29,80,rxnorm,54.5
991,TIROSINT 13 UG,29,75,swissmedic,52.0
486,TRIANEX,29,75,rxnorm,52.0
206,TRIATEX,29,75,fda,52.0
207,THIORIDAZINE HYDROCHLORIDE INTENSOL,29,75,fda,52.0
1029,LETROZOL MYLAN,29,75,swissmedic,52.0
694,CITRUS PECTIN EXTRACT,29,86,rxnorm,57.5
316,DURAXIN,29,75,rxnorm,52.0
1054,AMTIRIS 500 MG,29,75,swissmedic,52.0
322,DIAPREX,29,75,rxnorm,52.0
324,DIAREZE,29,100,rxnorm,64.5
326,DOLORAC,29,86,rxnorm,57.5
423,TUSS HC,29,80,rxnorm,54.5
329,DOLOREX,29,75,rxnorm,52.0
560,TRI-ZEL,29,80,rxnorm,54.5
656,STRESS BISMUTH SUBSALICYLATE,29,86,rxnorm,57.5
1053,AMTIRIS 100 MG,29,75,swissmedic,52.0
561,TRIOXIN,29,75,rxnorm,52.0
648,CITRUS BERGAMIA LEAF EXTRACT,29,86,rxnorm,57.5
646,TRAVASE,29,86,"rxnorm, fda",57.5
353,DURABAC,29,86,rxnorm,57.5
372,KUTRASE,29,86,rxnorm,57.5
404,TUSS-PD,29,80,rxnorm,54.5
403,TUSS-DS,29,80,rxnorm,54.5
549,TRI-MED,29,80,rxnorm,54.5
1056,AMTIRIS 850 MG,29,75,swissmedic,52.0
1015,TARTARUS STIBIATUS D4,29,75,swissmedic,52.0
291,DRISTAN 12-HOUR NASAL SPRAY,29,75,rxnorm,52.0
290,DRISTAN,29,75,rxnorm,52.0
288,DRI-EAR,29,80,rxnorm,54.5
442,TUSSO C,29,80,rxnorm,54.5
707,RICE GERM PREPARATION,29,80,rxnorm,54.5
1059,TAGRISSO 80 MG,29,86,swissmedic,57.5
447,ULTRASE,29,75,rxnorm,52.0
300,DIURETIC AP-ES,29,86,rxnorm,57.5
1058,TAGRISSO 40 MG,29,86,swissmedic,57.5
28,TRAVASOL 8.5% W/ ELECTROLYTES,28,75,fda,51.5
532,RASH RELIEF ANTIFUNGAL,28,80,rxnorm,54.0
32,TRAVASOL 10% W/O ELECTROLYTES,28,75,fda,51.5
735,CITRUS SINENSIS WHOLE EXTRACT,28,86,rxnorm,57.0
754,TAMARIX GALLICA WHOLE EXTRACT,28,75,rxnorm,51.5
750,CITRUS NOBILIS EXTRACT,28,86,rxnorm,57.0
668,LATHYRUS SATIVAS SEED EXTRACT,28,86,rxnorm,57.0
762,CITRUS BERGAMIA WHOLE EXTRACT,28,86,rxnorm,57.0
998,TORASEMID ZENTIVA 5 MG,28,75,swissmedic,51.5
767,TRIDECYL NEOPENTANOATE,28,75,rxnorm,51.5
769,TREE OF HEAVEN POLLEN EXTRACT,28,80,rxnorm,54.0
27,TRAVASOL 5.5% W/ ELECTROLYTES,28,75,fda,51.5
29,TRAVASOL 3.5% W/ ELECTROLYTES,28,75,fda,51.5
974,TORASEMID SANDOZ ECO 2,28,75,swissmedic,51.5
400,TRU-BLU CHLOR HEX-WASH,28,80,rxnorm,54.0
1028,DR. BÄHLER WALLWURZGEL,28,80,swissmedic,54.0
1068,TRAZODON SANDOZ 100 MG,28,75,swissmedic,51.5
153,CITRIC ACID; UREA C-13,28,86,fda,57.0
373,KUTRASE REFORMULATED JAN 2008,28,86,rxnorm,57.0
1088,DER-MED DRY SKIN LOTION,27,80,swissmedic,53.5
1070,TRUBERZI 100 MG,27,75,swissmedic,51.0
250,DHS ZINC,27,80,rxnorm,53.5
249,DHS TAR SHAMPOO,27,80,rxnorm,53.5
362,DRIZALMA,27,75,rxnorm,51.0
996,TIROSINT 200 UG,27,75,swissmedic,51.0
246,CITRUCEL,27,75,rxnorm,51.0
601,TRAVASOL 4.25/5,27,75,rxnorm,51.0
597,TRAVASOL 2.75/5,27,75,rxnorm,51.0
374,LACTRASE,27,75,rxnorm,51.0
795,LATHYRUS SATIVUS WHOLE EXTRACT,27,86,rxnorm,56.5
995,TIROSINT 175 UG,27,75,swissmedic,51.0
809,DIATRIZOIC ACID,27,75,rxnorm,51.0
1066,TREVICTA 350 MG/1.75 ML,27,75,swissmedic,51.0
994,TIROSINT 137 UG,27,75,swissmedic,51.0
585,DROSERA ANGLICA EXTRACT,27,86,rxnorm,56.5
583,TORREYA NUCIFERA WHOLE EXTRACT,27,80,rxnorm,53.5
223,TRI-MILI,27,80,fda,53.5
334,PEDIARIX,27,75,rxnorm,51.0
392,TOURO HC,27,80,rxnorm,53.5
993,TIROSINT 112 UG,27,75,swissmedic,51.0
846,DROSSADIN 0.1 %,27,75,swissmedic,51.0
847,DROSSADIN 0.2 %,27,75,swissmedic,51.0
205,DHC PLUS,27,80,fda,53.5
572,HYDROIODIC ACID,27,75,rxnorm,51.0
613,DISPERSE RED 15,27,75,rxnorm,51.0
615,RICE ALLERGENIC EXTRACT,27,80,rxnorm,53.5
84,DERMOTIC,27,75,"fda, rxnorm",51.0
999,TORASEMID ZENTIVA 10 MG,27,75,swissmedic,51.0
651,TYROSINE,27,86,rxnorm,56.5
670,RHUS GLABRA TOP EXTRACT,27,80,rxnorm,53.5
671,CEDRUS DEODARA WOOD OIL,27,86,rxnorm,56.5
323,DIAR-AID,27,80,rxnorm,53.5
688,CITRUS SINENSIS FLOWER EXTRACT,27,86,rxnorm,56.5
304,DAURISMO,27,86,"rxnorm, fda",56.5
302,DOCTOR'S CHOICE,27,75,rxnorm,51.0
1055,AMTIRIS 1000 MG,27,75,swissmedic,51.0
350,PALTRASE,27,75,rxnorm,51.0
708,LACTARIUS INDIGO WHOLE EXTRACT,27,75,rxnorm,51.0
709,CITRUS MAXIMA FRUIT OIL,27,86,rxnorm,56.5
710,DISPERSE BLUE 3,27,75,rxnorm,51.0
1000,ATRIANCE,27,75,swissmedic,51.0
270,FEMTRACE,27,75,"rxnorm, fda",51.0
727,DIRECT BLACK 19,27,86,rxnorm,56.5
355,DURACLON,27,75,"rxnorm, fda",51.0
734,CEDRUS DEODARA SEED OIL,27,86,rxnorm,56.5
503,VETRIMEC,27,75,rxnorm,51.0
741,"CITRUS PARADISI, WHOLE EXTRACT",27,86,rxnorm,56.5
265,HYDROCIL,27,75,rxnorm,51.0
625,TRICETIN,27,75,rxnorm,51.0
623,ANTIARIS TOXICARA RESIN,27,75,rxnorm,51.0
744,ROSA CENTIFOLIA FLOWER EXTRACT,27,80,rxnorm,53.5
759,TORILIS JAPONICA WHOLE EXTRACT,27,86,rxnorm,56.5
990,TIROSINT 150 UG,27,75,swissmedic,51.0
391,TOURO EX,27,80,rxnorm,53.5
115,PEDIATRIC ADVIL,27,75,fda,51.0
164,TERRAMYCIN W/ POLYMYXIN,27,75,fda,51.0
1030,LETROZOL SPIRIG,27,75,swissmedic,51.0
66,TERAZOSIN HYDROCHLORIDE,27,75,fda,51.0
154,CETIRIZINE HYDROCHLORIDE HIVES,27,75,fda,51.0
547,TRI-KORT,27,80,rxnorm,53.5
434,TUSSI-12,27,80,rxnorm,53.5
119,TRIZIVIR,27,75,"fda, swissmedic, rxnorm",51.0
459,TARGOCID,27,75,rxnorm,51.0
31,TRAVASOL 8.5% W/O ELECTROLYTES,27,75,fda,51.0
960,TRACLEER 125 MG,27,75,swissmedic,51.0
443,TUSSO DF,27,80,rxnorm,53.5
958,TRAMACET,27,75,swissmedic,51.0
444,TUSSO HC,27,80,rxnorm,53.5
1026,LETROZOL-TEVA 2,27,75,swissmedic,51.0
446,TUSSO-ZR,27,80,rxnorm,53.5
4,NYDRAZID,27,75,fda,51.0
551,TRI-OTIC,27,80,rxnorm,53.5
30,TRAVASOL 5.5% W/O ELECTROLYTES,27,75,fda,51.0
427,TICE BCG,27,80,rxnorm,53.5
416,TUSSI ORGANIDIN,27,80,rxnorm,53.5
986,TIROSINT  50 UG,27,75,swissmedic,51.0
564,LATHYRUS ODORATUS SEED EXTRACT,27,86,rxnorm,56.5
985,TIROSINT  25 UG,27,75,swissmedic,51.0
196,TRULANCE,27,75,"fda, rxnorm",51.0
468,TRISOFED,27,75,rxnorm,51.0
987,TIROSINT  75 UG,27,75,swissmedic,51.0
988,TIROSINT 100 UG,27,75,swissmedic,51.0
502,VETRASEB,27,75,rxnorm,51.0
474,TROBICIN,27,75,"rxnorm, fda",51.0
989,TIROSINT 125 UG,27,75,swissmedic,51.0
554,TRI-PASE,27,80,rxnorm,53.5
1018,TARTARUS DEPURATUS COMP.,26,75,swissmedic,50.5
760,ROSA ALBA FLOWER EXTRACT,26,80,rxnorm,53.0
1065,TREVICTA 263 MG/1.315 ML,26,75,swissmedic,50.5
944,DUROGESIC MATRIX 50 UG/H,26,75,swissmedic,50.5
1064,TREVICTA 175 MG/0.875 ML,26,75,swissmedic,50.5
945,DUROGESIC MATRIX 75 UG/H,26,75,swissmedic,50.5
947,DUROGESIC MATRIX 12 UG/H,26,75,swissmedic,50.5
600,TRAVASOL 4.25/25,26,75,rxnorm,50.5
943,DUROGESIC MATRIX 25 UG/H,26,75,swissmedic,50.5
914,DR. RECKEWEG R 69 INTERCOSTALIN,26,80,swissmedic,53.0
1067,TREVICTA 525 MG/2.625 ML,26,75,swissmedic,50.5
331,DOLOREX SOLUTION,26,75,rxnorm,50.5
665,JATEORHIZA CALUMBA ROOT EXTRACT,26,86,rxnorm,56.0
599,TRAVASOL 4.25/10,26,75,rxnorm,50.5
678,TRIDECYL LACTATE,26,75,rxnorm,50.5
821,CITRUS AURANTIUM FLOWER EXTRACT,26,86,rxnorm,56.0
764,LACTARIUS RUBIDUS WHOLE EXTRACT,26,75,rxnorm,50.5
189,PHOTREXA VISCOUS IN DEXTRAN 20%,26,75,fda,50.5
807,TRIS(PPG-3 BENZYL ETHER),26,75,rxnorm,50.5
129,TOBRASONE,25,75,fda,50.0
327,DOLORACIN,25,75,rxnorm,50.0
18,MYDRIACYL,25,75,"fda, rxnorm",50.0
686,NITARSONE,25,75,rxnorm,50.0
144,TROSPIUM CHLORIDE,25,75,fda,50.0
271,HYDROTUSS,25,75,rxnorm,50.0
308,DURAMYCIN,25,75,rxnorm,50.0
876,DR. RECKEWEG R 28 SECALEN,25,80,swissmedic,52.5
765,RICE BEAN EXTRACT,25,80,rxnorm,52.5
114,LETROZOLE,25,75,"fda, rxnorm",50.0
241,BOUDREAUXS RASH PROTECTOR,25,75,rxnorm,50.0
866,DR. RECKEWEG R 16 CIMISAN,25,80,swissmedic,52.5
856,DR. RECKEWEG R 3 CORVOSAN,25,80,swissmedic,52.5
845,DIPROPHOS,25,75,swissmedic,50.0
841,MODURETIC,25,75,"swissmedic, rxnorm",50.0
899,DR. RECKEWEG R 52 VOMISAN,25,80,swissmedic,52.5
830,DR. BRAND,25,80,swissmedic,52.5
176,TRULICITY,25,75,"fda, rxnorm",50.0
930,PEDITRACE,25,75,swissmedic,50.0
932,TRIATEC COMP MITE,25,86,swissmedic,55.5
743,TRAMETES VERSICOLOR WHOLE EXTRACT,25,75,rxnorm,50.0
243,BUTORPHIC,25,75,rxnorm,50.0
172,PEDIATRIC LTA KIT,25,75,fda,50.0
939,TRIATEC 1,25,86,swissmedic,55.5
774,TRISILANE,25,75,rxnorm,50.0
940,TRIATEC 2,25,86,swissmedic,55.5
768,DISPERSE BLUE 106,25,75,rxnorm,50.0
946,DUROGESIC MATRIX 100 UG/H,25,75,swissmedic,50.0
658,CITRUS PARADISI FRUIT OIL,25,86,rxnorm,55.5
506,TRIMAZIDE,25,75,rxnorm,50.0
435,TUSSI-12D,25,80,rxnorm,52.5
431,TIS-U-SOL,25,80,"rxnorm, fda",52.5
643,TRIACETIN,25,75,rxnorm,50.0
642,TRAZODONE,25,75,rxnorm,50.0
633,CITRUS JUNOS SEED EXTRACT,25,86,rxnorm,55.5
33,DTIC-DOME,25,80,fda,52.5
531,RASH RELIEF ANTIBACTERIAL,25,80,rxnorm,52.5
445,TUSSO ZMR,25,80,rxnorm,52.5
360,DRITUSS G,25,86,rxnorm,55.5
975,TORASEMID SANDOZ ECO 5 MG,25,75,swissmedic,50.0
343,DENOREX THERAPEUTIC REFORMULATED MAR 2013,25,75,rxnorm,50.0
388,LOTRISONE,25,75,"rxnorm, fda",50.0
421,TDS FORTE,25,80,rxnorm,52.5
581,TORREYA NUCIFERA SEED OIL,25,80,rxnorm,52.5
399,TRU-BLU C-HEX 110,25,80,rxnorm,52.5
574,ROSA MOSCHATA OIL,25,80,rxnorm,52.5
347,DINNEFORDS TEEJEL,25,75,rxnorm,50.0
401,TRU-MICIN,25,80,rxnorm,52.5
335,NITROZONE,25,75,rxnorm,50.0
336,NITROCINE,25,75,rxnorm,50.0
609,CETIRIZINE,24,75,rxnorm,49.5
800,CITRULLUS COLOCYNTHIS WHOLE EXTRACT,24,75,rxnorm,49.5
629,METYROSINE,24,75,"rxnorm, fda",49.5
268,DYNAFREEZE,24,75,rxnorm,49.5
729,TILIROSIDE,24,75,rxnorm,49.5
802,CITRUS SINENSIS FLOWER WAX,24,86,rxnorm,55.0
792,CITRUS MAXIMA SEED EXTRACT,24,86,rxnorm,55.0
724,DARUTOSIDE,24,75,rxnorm,49.5
910,DR. RECKEWEG R 65 PSORIASIN,24,80,swissmedic,52.0
811,CITRUS RETICULATA FRUIT OIL,24,86,rxnorm,55.0
903,DR. RECKEWEG R 57 SCOROSAN,24,80,swissmedic,52.0
717,CITRUS JUNOS FRUIT EXTRACT,24,86,rxnorm,55.0
657,CITRUS AURANTIIFOLIA FLOWER EXTRACT,24,86,rxnorm,55.0
793,CITRUS AURANTIIFOLIA WHOLE EXTRACT,24,86,rxnorm,55.0
978,TORASEMID SANDOZ ECO 200 MG,24,75,swissmedic,49.5
791,CITRUS MAXIMA LEAF EXTRACT,24,86,rxnorm,55.0
555,TRI-PSEUDO,24,80,rxnorm,52.0
366,DROWZ-AWAY,24,86,rxnorm,55.0
622,BOTRYTIS CINEREA ALLERGENIC EXTRACT,24,75,rxnorm,49.5
365,DROTUSS CP,24,86,rxnorm,55.0
602,TRAVASOL 5.5 % IN DEXTROSE,24,75,rxnorm,49.5
748,DROSERA INTERMEDIA EXTRACT,24,86,rxnorm,55.0
968,CETIRIZIN HELVEPHARM 10 MG,24,75,swissmedic,49.5
977,TORASEMID SANDOZ ECO 20 MG,24,75,swissmedic,49.5
976,TORASEMID SANDOZ ECO 10 MG,24,75,swissmedic,49.5
775,ROSA CENTIFOLIA FLOWER WAX,24,80,rxnorm,52.0
432,TISSUE GOO,24,80,rxnorm,52.0
1007,DROSERA COMPOSITUM,24,86,swissmedic,55.0
254,DAIRY EASE,24,80,rxnorm,52.0
816,CITRUS AURANTIUM FRUIT OIL,24,86,rxnorm,55.0
812,CITRUS RETICULATA LEAF OIL,24,86,rxnorm,55.0
361,DRITUSS HD,24,86,rxnorm,55.0
687,RHUS CHINENSIS ROOT EXTRACT,24,80,rxnorm,52.0
697,ROSA GALLICA FLOWER EXTRACT,24,80,rxnorm,52.0
890,DR. RECKEWEG R 43 HERBAMINE,24,80,swissmedic,52.0
971,CETIRIZIN-MEPHA 10,24,75,swissmedic,49.5
64,TRI-NORINYL 21-DAY,24,80,fda,52.0
208,TRI-LINYAH,24,80,fda,52.0
640,ROSA CANINA FLOWER EXTRACT,24,80,rxnorm,52.0
314,DURATUSS G,24,86,rxnorm,55.0
7,NEOTRIZINE,24,75,fda,49.5
9,DIATRIZOATE SODIUM,24,75,fda,49.5
566,CITRULLUS COLOCYNTHIS FRUIT EXTRACT,24,75,rxnorm,49.5
877,DR. RECKEWEG R 29 THERIDON,24,80,swissmedic,52.0
873,DR. RECKEWEG R 25 PROSTATAN,24,80,swissmedic,52.0
662,DRITUSS GF,24,86,rxnorm,55.0
65,TRI-NORINYL 28-DAY,24,80,fda,52.0
584,REISHI MUSHROOM PREPARATION,24,80,rxnorm,52.0
344,NEUTRACETT,24,75,rxnorm,49.5
198,"NITROUS OXIDE, USP",24,86,fda,55.0
696,ROSA MULTIFLORA FLOWER WAX,24,80,rxnorm,52.0
916,DR. RECKEWEG R 71 ISCHIALGIN,23,80,swissmedic,51.5
121,CETIRIZINE HYDROCHLORIDE HIVES RELIEF,23,75,fda,49.0
569,DROSERA ROTUNDIFOLIA EXTRACT,23,86,rxnorm,54.5
934,GRETHER'S PASTILLES REDCURRANT ZUCKERFREI UND VITAMIN C,23,75,swissmedic,49.0
1006,TORASEMID-MEPHA 200,23,75,swissmedic,49.0
757,LIATRIS SPICATA ROOT EXTRACT,23,86,rxnorm,54.5
819,CITRUS MAXIMA FRUIT RIND OIL,23,86,rxnorm,54.5
897,DR. RECKEWEG R 50 SACROGYNOL,23,80,swissmedic,51.5
715,CITRUS SINENSIS LEAF EXTRACT,23,86,rxnorm,54.5
799,ROSA ALBA FLOWER OIL EXTRACT,23,80,rxnorm,51.5
823,CHONDRUS CRISPUS CARRAGEENAN,23,75,rxnorm,49.0
614,RICE (WHOLE GRAIN) ALLERGENIC EXTRACT,23,80,rxnorm,51.5
195,TIPIRACIL HYDROCHLORIDE; TRIFLURIDINE,23,75,fda,49.0
805,CITRIC ACID ACETATE,23,86,rxnorm,54.5
806,TRIDECETH-9,22,75,rxnorm,48.5
766,DIATRIZOATE,22,75,rxnorm,48.5
772,TORTOISE SHELL BAMBOO STEM OIL,22,86,rxnorm,54.0
224,TRI-LO-MILI,22,80,fda,51.0
1072,TRUXIMA 500 MG/50 ML,22,75,swissmedic,48.5
972,CETIRIZIN HELVEPHARM 10 MG/ML,22,75,swissmedic,48.5
861,DR. RECKEWEG R 10 KLIMAKTERAN,22,80,swissmedic,51.0
652,CEDRUS ATLANTICA BARK EXTRACT,22,86,rxnorm,54.0
781,BOTHROPS ATROX VENOM,22,75,rxnorm,48.5
896,DR. RECKEWEG R 49 RHINOPULSAN,22,80,swissmedic,51.0
559,TRI-VI-SOL WITH IRON,22,80,rxnorm,51.0
1071,TRUXIMA 100 MG/10 ML,22,75,swissmedic,48.5
787,TRIDECETH-8,22,75,rxnorm,48.5
915,DR. RECKEWEG R 70 PROSOPALGIN,22,80,swissmedic,51.0
740,CITRUS AURANTIIFOLIA FRUIT OIL,22,86,rxnorm,54.0
436,TUSSI-12D S,22,80,rxnorm,51.0
1002,TORASEMID-MEPHA 5 MG,22,75,swissmedic,48.5
1052,DROSSADIN SPRAY 0.2%,22,75,swissmedic,48.5
542,TRI VENT HC,22,80,rxnorm,51.0
669,ALETRIS FARINOSA ROOT EXTRACT,22,75,rxnorm,48.5
747,TRIDECETH-5,22,75,rxnorm,48.5
636,ROSA DAMASCENA FLOWER EXTRACT,22,80,rxnorm,51.0
621,TRANS-3-ISOCAMPHYLCYCLOHEXANOL,22,86,rxnorm,54.0
691,CITRUS AURANTIUM FRUIT EXTRACT,22,86,rxnorm,54.0
627,CITRUS JAPONICA FRUIT EXTRACT,22,86,rxnorm,54.0
313,DURATUSS CS,22,86,rxnorm,54.0
752,TRIDECETH-3,22,75,rxnorm,48.5
731,TRIDECETH-6,22,75,rxnorm,48.5
644,ROSA RUGOSA FLOWER BUD EXTRACT,22,80,rxnorm,51.0
315,DURATUSS HD,22,86,rxnorm,54.0
282,DR. OH BALM,22,80,rxnorm,51.0
1061,TRAZODONE VIFOR 50 MG,21,75,swissmedic,48.0
817,CITRUS LIMON FRUIT OIL,21,86,rxnorm,53.5
587,TRAMETES VERSICOLOR FRUITING BODY EXTRACT,21,75,rxnorm,48.0
70,KETOROLAC TROMETHAMINE,21,75,fda,48.0
714,CITRUS MAXIMA SEED OIL,21,86,rxnorm,53.5
719,CITRUS JUNOS FRUIT OIL,21,86,rxnorm,53.5
586,ROSA DAVURICA FLOWER BUD EXTRACT,21,80,rxnorm,50.5
273,HYDROTUSS HD,21,75,rxnorm,48.0
1014,RHUS TOXICODENDRON D6,21,80,swissmedic,50.5
377,NEOTRICIN HC,21,75,rxnorm,48.0
616,DORNASE ALFA,21,86,"rxnorm, fda",53.5
283,DR. OH PATCH,21,80,rxnorm,50.5
204,LETROZOLE; RIBOCICLIB SUCCINATE,21,75,fda,48.0
683,RHUS AROMATICA ROOT BARK EXTRACT,21,80,rxnorm,50.5
1038,VITAROS 330 ΜG/100 MG,21,86,swissmedic,53.5
571,TRIDECETH-12,21,75,rxnorm,48.0
855,DR. RECKEWEG R 2 AURIN,21,80,swissmedic,50.5
5,DIATRIZOATE MEGLUMINE; DIATRIZOATE SODIUM,21,75,fda,48.0
6,DIATRIZOATE MEGLUMINE,21,75,fda,48.0
565,TRICETETH-4 PHOSPHATE,21,75,rxnorm,48.0
703,NITRIC OXIDE,21,86,"rxnorm, fda",53.5
577,ROSA CANINA FRUIT OIL,21,80,rxnorm,50.5
695,CITRUS RETICULATA WHOLE EXTRACT,21,86,rxnorm,53.5
1037,VITAROS 220 ΜG/100 MG,21,86,swissmedic,53.5
641,CITRULLUS COLOCYNTHIS FRUIT PULP EXTRACT,21,75,rxnorm,48.0
272,HYDROTUSS HC,21,75,rxnorm,48.0
1003,TORASEMID-MEPHA 10 MG,21,75,swissmedic,48.0
721,CITRUS LIMON SEED OIL,21,86,rxnorm,53.5
120,CETIRIZINE HYDROCHLORIDE ALLERGY,21,75,fda,48.0
756,CITRUS JUICE,21,86,rxnorm,53.5
626,TRIDECETH-6 PHOSPHATE,21,75,rxnorm,48.0
192,TRI-SPRINTEC,21,80,fda,50.5
749,DRAGON'S BLOOD EXTRACT,21,75,rxnorm,48.0
790,CITRUS MAXIMA FRUIT RIND EXTRACT,21,86,rxnorm,53.5
248,DHS SALICYLIC ACID 3%,21,80,rxnorm,50.5
941,TRIATEC 5 MG,21,86,swissmedic,53.5
1004,TORASEMID-MEPHA 20 MG,21,75,swissmedic,48.0
591,CALLITRIS COLUMELLARIS WOOD OIL,21,75,rxnorm,48.0
1031,LETROZOL-MEPHA 2.5 MG,21,75,swissmedic,48.0
357,DURACT COUGH,21,86,rxnorm,53.5
933,TRIATEC COMP,21,86,swissmedic,53.5
611,TRIDECETH-10,21,75,rxnorm,48.0
803,CITRUS JUNOS FRUIT RIND EXTRACT,21,86,rxnorm,53.5
631,ROSA MOSCHATA SEED OIL,21,80,rxnorm,50.5
745,TRISODIUM DIPHOSPHATE,21,75,rxnorm,48.0
610,STEARIC DIETHANOLAMIDE,21,86,rxnorm,53.5
801,RHUS SPP WHOLE EXTRACT,21,80,rxnorm,50.5
1062,TRAZODONE VIFOR 100 MG,21,75,swissmedic,48.0
693,CITRUS PECTIN,20,86,rxnorm,53.0
753,METRICUS PAPER WASP VENOM PROTEIN,20,75,rxnorm,47.5
184,DARVOCET A500,20,75,fda,47.5
209,TRI-LO-LINYAH,20,80,fda,50.0
307,DURAMIST PLUS,20,75,rxnorm,47.5
672,RICE GERM OIL,20,80,rxnorm,50.0
48,TRAZODONE HYDROCHLORIDE,20,75,fda,47.5
252,DRC,20,100,rxnorm,60.0
354,DURABAC FORTE,20,86,rxnorm,53.0
704,NITROUS OXIDE,20,86,"rxnorm, fda",53.0
1074,TIROSINT SOLUTION 25 UG,20,75,swissmedic,47.5
341,DENOREX EXTRA STRENGTH REFORMULATED AUG 2012,20,75,rxnorm,47.5
810,CITRULLUS LANATUS VAR. LANATUS WHOLE EXTRACT,20,75,rxnorm,47.5
330,DOLOREX FORTE,20,75,rxnorm,47.5
969,CETIRIZIN STREULI 10 MG,20,75,swissmedic,47.5
942,TRIATEC 10 MG,20,86,swissmedic,53.0
739,DIRECT BLUE 2,20,86,rxnorm,53.0
1073,TIROSINT SOLUTION 13 UG,20,75,swissmedic,47.5
1060,LETROZOL DEVATIS 2.5 MG,20,75,swissmedic,47.5
1075,TIROSINT SOLUTION 50 UG,20,75,swissmedic,47.5
1077,TIROSINT SOLUTION 88 UG,20,75,swissmedic,47.5
168,TERRAMYCIN W/ POLYMYXIN B SULFATE,20,75,fda,47.5
1076,TIROSINT SOLUTION 75 UG,20,75,swissmedic,47.5
553,TRI-P ORAL INFANT DROPS,20,80,rxnorm,50.0
174,DIATRIZOATE-60,19,75,fda,47.0
1025,RHUS TOXICODENDRON COMP.,19,80,swissmedic,49.5
1017,ROTARIX LIQUID,19,75,swissmedic,47.0
44,CITRIC ACID; MAGNESIUM OXIDE; SODIUM CARBONATE,19,86,fda,52.5
880,DR. RECKEWEG R 33 BUFORAN,19,80,swissmedic,49.5
47,MODURETIC 5-50,19,75,fda,47.0
970,CETIRIZIN STREULI 10MG/ML,19,75,swissmedic,47.0
874,DR. RECKEWEG R 26 REMISIN,19,80,swissmedic,49.5
563,CITRUS SINENSIS SEED OIL,19,86,rxnorm,52.5
865,DR. RECKEWEG R 14 QUIETA,19,80,swissmedic,49.5
921,DR. RECKEWEG R 9 JUTUSSIN,19,80,swissmedic,49.5
1084,TIROSINT SOLUTION 200 UG,19,75,swissmedic,47.0
332,DOLOREX BRAND OF ACETAMINOPHEN-PHENYLTOLOXAMINE,19,75,rxnorm,47.0
624,DIOSPYROS MESPILIFORMIS LEAF EXTRACT,19,75,rxnorm,47.0
789,CITRUS AURANTIUM FRUIT RIND EXTRACT,19,86,rxnorm,52.5
86,CETIRIZINE HYDROCHLORIDE,19,75,fda,47.0
1057,ADENURIC 80 MG,19,75,swissmedic,47.0
842,MODURETIC MITE,19,75,swissmedic,47.0
1083,TIROSINT SOLUTION 175 UG,19,75,swissmedic,47.0
1051,ADLERS BRONCHIALPASTILLEN,19,75,swissmedic,47.0
1082,TIROSINT SOLUTION 150 UG,19,75,swissmedic,47.0
1081,TIROSINT SOLUTION 137 UG,19,75,swissmedic,47.0
1080,TIROSINT SOLUTION 125 UG,19,75,swissmedic,47.0
718,CITRUS AURANTIUM LEAFY TWIG EXTRACT,19,86,rxnorm,52.5
1079,TIROSINT SOLUTION 112 UG,19,75,swissmedic,47.0
1078,TIROSINT SOLUTION 100 UG,19,75,swissmedic,47.0
647,CITRUS SINENSIS FRUIT OIL,19,86,rxnorm,52.5
822,ROSA DAMASCENA FLOWER WAX,19,80,rxnorm,49.5
804,ROSA CANINA WHOLE EXTRACT,19,80,rxnorm,49.5
685,ROSA CANINA FRUIT EXTRACT,19,80,rxnorm,49.5
699,RHUS GLABRA BARK EXTRACT,19,80,rxnorm,49.5
639,CHONDRUS CRISPUS EXTRACT,19,75,rxnorm,47.0
590,CITRULLUS LANATUS VAR. CITROIDES WHOLE EXTRACT,19,75,rxnorm,47.0
608,ROSA CANINA SEED EXTRACT,19,80,rxnorm,49.5
736,ROSA CANINA LEAF EXTRACT,19,80,rxnorm,49.5
653,ROSA RUBIGINOSA SEED OIL,19,80,rxnorm,49.5
19,ROSE BENGAL SODIUM I-131,19,80,fda,49.5
779,TRIBASIC SODIUM PHOSPHATE,19,75,rxnorm,47.0
328,DOLORACIN WITH LIDOCAINE,19,75,rxnorm,47.0
858,DR. RECKEWEG R 5 GASTREU,19,80,swissmedic,49.5
632,ROSA DAMASCENA FLOWERING TOP EXTRACT,19,80,rxnorm,49.5
730,STEARIC MONOETHANOLAMIDE,19,86,rxnorm,52.5
737,CEDRUS LIBANI WHOLE EXTRACT,18,86,rxnorm,52.0
912,DR. RECKEWEG R 67 KOLLAPSIN,18,80,swissmedic,49.0
913,DR. RECKEWEG R 68 NERVISIN,18,80,swissmedic,49.0
157,TRI LO SPRINTEC,18,80,fda,49.0
71,CITRIC ACID; GLUCONOLACTONE; MAGNESIUM CARBONATE,18,86,fda,52.0
733,TRISODIUM NITRILOTRIACETATE,18,75,rxnorm,46.5
126,DURACILLIN A.S.,18,75,fda,46.5
776,ROSA X DAMASCENA FLOWER WAX,18,80,rxnorm,49.0
777,ROSA ARKANSANA ROOT EXTRACT,18,80,rxnorm,49.0
182,CITRIC ACID; MAGNESIUM OXIDE; SODIUM PICOSULFATE,18,86,fda,52.0
22,LIOTRIX (T4;T3),18,75,fda,46.5
1047,TRIAMJECT 20 MG,18,75,swissmedic,46.5
788,RHUS CHINENSIS GALL EXTRACT,18,80,rxnorm,49.0
815,CITRUS AURANTIUM FLOWER OIL,18,86,rxnorm,52.0
296,DUAC,18,80,"rxnorm, fda",49.0
576,ROSA CENTIFOLIA FLOWER OIL,18,80,rxnorm,49.0
870,DR. RECKEWEG R 22 NAJASTHEN,18,80,swissmedic,49.0
872,DR. RECKEWEG R 24 PLEURASIN,18,80,swissmedic,49.0
862,DR. RECKEWEG R 11 LUMBAGIN,18,80,swissmedic,49.0
860,DR. RECKEWEG R 7 HEPAGALEN,18,80,swissmedic,49.0
859,DR. RECKEWEG R 6 GRIPFEKTAN,18,80,swissmedic,49.0
881,DR. RECKEWEG R 34 CALCOSSIN,18,80,swissmedic,49.0
882,DR. RECKEWEG R 35 CHADONTIN,18,80,swissmedic,49.0
813,CITRUS SINENSIS FLOWER OIL,18,86,rxnorm,52.0
677,CEDRUS DEODARA WOOD EXTRACT,18,86,rxnorm,52.0
854,DR. RECKEWEG R 1 ANGINACID,18,80,swissmedic,49.0
494,RASH RELIEF WITH ZINC OXIDE,18,80,rxnorm,49.0
681,DIOSPYROS KAKI LEAF EXTRACT,18,75,rxnorm,46.5
904,DR. RECKEWEG R 58 VERNADON,18,80,swissmedic,49.0
887,DR. RECKEWEG R 40 DIAGLUKON,18,80,swissmedic,49.0
902,DR. RECKEWEG R 55 RUTAVINE,18,80,swissmedic,49.0
895,DR. RECKEWEG R 48 PULMOSOL,18,80,swissmedic,49.0
892,DR. RECKEWEG R 45 LARYNGIN,18,80,swissmedic,49.0
676,TRIBASIC POTASSIUM PHOSPHATE,17,75,rxnorm,46.0
666,CITRUS AURANTIIFOLIA LEAF OIL,17,86,rxnorm,51.5
280,DR. J.I.S ARTHRITIS PLUS GEL,17,80,rxnorm,48.5
1050,TRULICITY 0.75 MG,17,75,swissmedic,46.0
1027,DR. BÄHLER BRONCHIALPASTILLEN MIT CODEIN,17,80,swissmedic,48.5
147,DORYX,17,86,"fda, rxnorm",51.5
663,ROSA MULTIFLORA FRUIT EXTRACT,17,80,rxnorm,48.5
664,ROSA ROXBURGHII FRUIT EXTRACT,17,80,rxnorm,48.5
920,DR. RECKEWEG R 75 DOLOMENSIN,17,80,swissmedic,48.5
906,DR. RECKEWEG R 60 PURHAEMINE,17,80,swissmedic,48.5
884,DR. RECKEWEG R 37 COLINTESTON,17,80,swissmedic,48.5
889,DR. RECKEWEG R 42 HAEMOVENIN,17,80,swissmedic,48.5
857,DR. RECKEWEG R 4 ENTEROCOLIN,17,80,swissmedic,48.5
878,DR. RECKEWEG R 31 CONTRAEMIN,17,80,swissmedic,48.5
814,CITRUS AURANTIIFOLIA SEED OIL,17,86,rxnorm,51.5
905,DR. RECKEWEG R 59 VESICULINE,17,80,swissmedic,48.5
746,TRIDECYL ALCOHOL,17,75,rxnorm,46.0
908,DR. RECKEWEG R 63 ENDANGITIN,17,80,swissmedic,48.5
909,DR. RECKEWEG R 64 NEPHRALBIN,17,80,swissmedic,48.5
798,ROSA DAMASCENA WHOLE EXTRACT,17,80,rxnorm,48.5
875,DR. RECKEWEG R 27 RENOCALCIN,17,80,swissmedic,48.5
203,KETOROLAC TROMETHAMINE; PHENYLEPHRINE HYDROCHLORIDE,17,75,fda,46.0
917,DR. RECKEWEG R 72 PANKROPATIN,17,80,swissmedic,48.5
869,DR. RECKEWEG R 20 EUGLANDIN-F,17,80,swissmedic,48.5
868,DR. RECKEWEG R 19 EUGLANDIN-M,17,80,swissmedic,48.5
867,DR. RECKEWEG R 18 CYSTOPHYLIN,17,80,swissmedic,48.5
1046,DORZO-VISION 2 %,17,100,swissmedic,58.5
193,DRAX EXAMETAZIME,17,86,fda,51.5
1049,TRULICITY 1.5 MG,17,75,swissmedic,46.0
758,TRISODIUM CITRATE,17,75,rxnorm,46.0
755,ROSA MULTIFLORA WHOLE EXTRACT,17,80,rxnorm,48.5
751,RHUS CHINENSIS WHOLE EXTRACT,17,80,rxnorm,48.5
886,DR. RECKEWEG R 39 SINISTRONEX,17,80,swissmedic,48.5
53,TIS-U-SOL IN PLASTIC CONTAINER,16,80,fda,48.0
879,DR. RECKEWEG R 32 ANTIHIDROSIN,16,80,swissmedic,48.0
738,CITRUS LIMON FLOWERING TOP OIL,16,86,rxnorm,51.0
825,DROSERA ROTUNDIFOLIA FLOWERING TOP EXTRACT,16,86,rxnorm,51.0
118,CETIRIZINE HYDROCHLORIDE; PSEUDOEPHEDRINE HYDROCHLORIDE,16,75,fda,45.5
818,CITRUS AURANTIUM LEAFY TWIG OIL,16,86,rxnorm,51.0
1021,DISCI/RHUS TOXICODENDRON COMP.,16,86,swissmedic,51.0
918,DR. RECKEWEG R 73 SPONDARTHRIN,16,80,swissmedic,48.0
716,ROSA CALIFORNICA WHOLE EXTRACT,16,80,rxnorm,48.0
14,DIATRIZOATE MEGLUMINE; IODIPAMIDE MEGLUMINE,16,75,fda,45.5
202,KETOROLAC TROMETHAMINE AND PHENYLEPHRINE HYDROCHLORIDE,16,75,fda,45.5
1042,CETIRIZIN SPIRIG HC,15,75,swissmedic,45.0
123,CODRIX,15,75,"fda, rxnorm",45.0
277,DR CALDWELL LAXATIVE,15,80,rxnorm,47.5
63,TRAVASOL 10% IN PLASTIC CONTAINER,15,75,fda,45.0
62,TRAVASOL 8.5% IN PLASTIC CONTAINER,15,75,fda,45.0
61,TRAVASOL 5.5% IN PLASTIC CONTAINER,15,75,fda,45.0
166,CETIRIZINE HYDROCHLORIDE AND PSEUDOEPHEDRINE HYDROCHLORIDE,15,75,fda,45.0
371,KUDROX,15,75,rxnorm,45.0
780,"RICE BRAN, DEFATTED",15,80,rxnorm,47.5
364,DROTIC,15,86,rxnorm,50.5
580,TETRAKIS(1-ISOCYANO-2-METHOXY-2-METHYL-PROPANE)-COPPER(I) TETRAFLUOROBORATE,15,75,rxnorm,45.0
356,DURACT,15,86,rxnorm,50.5
340,DENOREX EXTRA STRENGTH,14,75,rxnorm,44.5
761,TRIETHOXY(3-ISOCYANATOPROPYL)SILANE,14,75,rxnorm,44.5
722,ROSA CANINA FLOWER OIL,14,80,rxnorm,47.0
607,ROSA X ALBA FLOWER OIL,14,80,rxnorm,47.0
363,DRONCIT,14,75,rxnorm,44.5
1020,DISCI COMP. CUM STANNO,14,80,swissmedic,47.0
41,ADRUCIL,14,75,"fda, rxnorm",44.5
318,DURICEF,14,86,"rxnorm, fda",50.0
705,TRISODIUM DICARBOXYMETHYL ALANINATE,14,75,rxnorm,44.5
484,TERRAMYCIN WITH POLYMYXIN B SULFATE,14,75,rxnorm,44.5
979,TORASEMID SPIRIG HC 5,14,75,swissmedic,44.5
980,TORASEMID SPIRIG HC 10,14,75,swissmedic,44.5
824,NITROSO-DL-CITRULLINE,14,86,rxnorm,50.0
1048,LETROZOL LABATEC 2.5 MG,13,75,swissmedic,44.0
82,DYNACIRC,13,75,"fda, rxnorm",44.0
165,DRALZINE,13,75,fda,44.0
368,DRY CLOX,13,80,rxnorm,46.5
1043,DISCI COMP. CUM AESCULO,13,80,swissmedic,46.5
1,CARDRASE,13,75,fda,44.0
24,DARVOCET,13,75,"fda, rxnorm",44.0
264,HYDROCET,13,75,rxnorm,44.0
274,"HYDROXY COMPOUND - EPHEDRINE, HYDROXYZINE & THEOPHYLLINE",13,75,rxnorm,44.0
620,TRISODIUM SULFOSUCCINATE,13,75,rxnorm,44.0
276,DEPROIST,13,75,rxnorm,44.0
667,ROSE OIL,13,80,rxnorm,46.5
673,ROSA GALLICA FLOWER OIL,13,80,rxnorm,46.5
675,RICE OIL,13,80,rxnorm,46.5
863,DR. RECKEWEG R 12 JODIN,13,80,swissmedic,46.5
281,DR. NUMB,13,80,rxnorm,46.5
1044,DISCI COMP. CUM NICOTIANA,12,80,swissmedic,46.0
351,DIPROSONE,12,75,"rxnorm, swissmedic, fda",43.5
379,MODRASONE,12,75,rxnorm,43.5
148,DORYX MPC,12,86,fda,49.0
927,TARGOCID 200 MG I.V./I.M.,12,75,swissmedic,43.5
278,DR. BOB ARNOT'S PAIN PATCH,12,80,rxnorm,46.0
287,DRAMOJECT,12,75,rxnorm,43.5
928,TARGOCID 400 MG I.V./I.M.,12,75,swissmedic,43.5
885,DR. RECKEWEG R 38 DEXTRONEX,12,80,swissmedic,46.0
1005,DUAC AKNE,12,80,swissmedic,46.0
582,CEDRUS ATLANTICA WOOD OIL,12,86,rxnorm,49.0
575,ROSA DAMASCENA FLOWER OIL,12,80,rxnorm,46.0
567,QUADRACEL,12,75,rxnorm,43.5
820,CEDRUS ATLANTICA BARK OIL,12,86,rxnorm,49.0
562,"ROTAVIRUS VACCINE, LIVE ATTENUATED, G1P[8] HUMAN 89-12 STRAIN",12,75,rxnorm,43.5
871,DR. RECKEWEG R 23 NOSODERM,12,80,swissmedic,46.0
1019,DISCI COMP. CUM PULSATILLA,12,80,swissmedic,46.0
659,TERRAMYCIN WITH POLYMYXIN B,12,75,rxnorm,43.5
891,DR. RECKEWEG R 44 HYPOTONOL,12,80,swissmedic,46.0
900,DR. RECKEWEG R 53 COMEDONIN,12,80,swissmedic,46.0
901,DR. RECKEWEG R 54 IMBELION,12,80,swissmedic,46.0
907,DR. RECKEWEG R 62 MORBILLIN,12,80,swissmedic,46.0
919,DR. RECKEWEG R 74 NOCTURNIN,12,80,swissmedic,46.0
888,DR. RECKEWEG R 41 FORTIVIRONE,11,80,swissmedic,45.5
893,DR. RECKEWEG R 46 MANURHEUMIN,11,80,swissmedic,45.5
894,DR. RECKEWEG R 47 NEUROGLOBIN,11,80,swissmedic,45.5
763,DRY BIOCELLULOSE (MW 2000000),11,80,rxnorm,45.5
911,DR. RECKEWEG R 66 ARRHYTHMIN,11,80,swissmedic,45.5
864,DR. RECKEWEG R 13 PROHÄMORRHIN,11,80,swissmedic,45.5
77,TRAVASOL 4.25% IN DEXTROSE 5% IN PLASTIC CONTAINER,11,75,fda,43.0
352,DURA-DUMONE,11,80,rxnorm,45.5
72,TRAVASOL 2.75% IN DEXTROSE 5% IN PLASTIC CONTAINER,11,75,fda,43.0
568,QUADRAHIST D,11,75,rxnorm,43.0
85,DYNACIRC CR,11,75,fda,43.0
81,TRAVASOL 4.25% IN DEXTROSE 25% IN PLASTIC CONTAINER,10,75,fda,42.5
75,TRAVASOL 2.75% IN DEXTROSE 20% IN PLASTIC CONTAINER,10,75,fda,42.5
76,TRAVASOL 2.75% IN DEXTROSE 25% IN PLASTIC CONTAINER,10,75,fda,42.5
78,TRAVASOL 4.25% IN DEXTROSE 10% IN PLASTIC CONTAINER,10,75,fda,42.5
79,TRAVASOL 4.25% IN DEXTROSE 15% IN PLASTIC CONTAINER,10,75,fda,42.5
80,TRAVASOL 4.25% IN DEXTROSE 20% IN PLASTIC CONTAINER,10,75,fda,42.5
73,TRAVASOL 2.75% IN DEXTROSE 10% IN PLASTIC CONTAINER,10,75,fda,42.5
771,ROSE BENGAL AT,10,80,rxnorm,45.0
34,DARVOCET-N 50,10,75,fda,42.5
35,DARVOCET-N 100,10,75,fda,42.5
74,TRAVASOL 2.75% IN DEXTROSE 15% IN PLASTIC CONTAINER,10,75,fda,42.5
107,TRAVASOL 3.5% SULFITE FREE W/ ELECTROLYTES IN PLASTIC CONTAINER,9,75,fda,42.0
106,TRAVASOL 8.5% SULFITE FREE W/ ELECTROLYTES IN PLASTIC CONTAINER,9,75,fda,42.0
105,TRAVASOL 5.5% SULFITE FREE W/ ELECTROLYTES IN PLASTIC CONTAINER,9,75,fda,42.0
212,CITRIC ACID; LACTIC ACID; POTASSIUM BITARTRATE,8,86,fda,47.0
219,DRIZALMA SPRINKLE,8,75,fda,41.5
1022,DISCI COMP. CUM STIBIO,7,80,swissmedic,43.5
103,TRAVASOL 4.25% SULFITE FREE W/ ELECTROLYTES IN DEXTROSE 20% IN PLASTIC CONTAINER,7,75,fda,41.0
1045,DISCI COMP. CUM AURO,7,80,swissmedic,43.5
104,TRAVASOL 4.25% SULFITE FREE W/ ELECTROLYTES IN DEXTROSE 25% IN PLASTIC CONTAINER,7,75,fda,41.0
100,TRAVASOL 4.25% SULFITE FREE W/ ELECTROLYTES IN DEXTROSE 5% IN PLASTIC CONTAINER,7,75,fda,41.0
95,TRAVASOL 2.75% SULFITE FREE W/ ELECTROLYTES IN DEXTROSE 5% IN PLASTIC CONTAINER,7,75,fda,41.0
102,TRAVASOL 4.25% SULFITE FREE W/ ELECTROLYTES IN DEXTROSE 15% IN PLASTIC CONTAINER,7,75,fda,41.0
101,TRAVASOL 4.25% SULFITE FREE W/ ELECTROLYTES IN DEXTROSE 10% IN PLASTIC CONTAINER,7,75,fda,41.0
99,TRAVASOL 2.75% SULFITE FREE W/ ELECTROLYTES IN DEXTROSE 25% IN PLASTIC CONTAINER,7,75,fda,41.0
98,TRAVASOL 2.75% SULFITE FREE W/ ELECTROLYTES IN DEXTROSE 20% IN PLASTIC CONTAINER,7,75,fda,41.0
1035,DISCI COMP. CUM ARGENTO,7,80,swissmedic,43.5
97,TRAVASOL 2.75% SULFITE FREE W/ ELECTROLYTES IN DEXTROSE 15% IN PLASTIC CONTAINER,7,75,fda,41.0
96,TRAVASOL 2.75% SULFITE FREE W/ ELECTROLYTES IN DEXTROSE 10% IN PLASTIC CONTAINER,7,75,fda,41.0
279,DR. COCOA NON-DROWSY COUGH,6,80,rxnorm,43.0
230,bederocin,0,75,usan,37.5
231,letrozole,0,75,usan,37.5
229,torapsel,0,75,usan,37.5
